,predictions
546,1
547,0
548,0
549,0
550,0
551,1
552,0
553,1
554,1
555,0
556,0
557,1
558,0
559,1
560,0
561,1
562,1
563,1
564,0
565,0
566,1
567,1
568,0
569,0
570,0
571,0
572,0
573,0
574,0
575,1
576,0
577,0
578,0
579,0
580,0
581,0
582,1
583,0
584,0
585,0
586,0
587,1
588,1
589,0
590,0
591,1
592,0
593,0
594,1
595,0
596,0
597,0
598,0
599,1
600,0
601,0
602,1
603,1
604,0
605,0
606,1
607,0
608,0
609,1
610,1
611,0
612,0
613,0
614,1
615,1
616,0
617,1
618,0
619,0
620,0
621,0
622,0
623,1
624,1
625,1
626,1
627,0
628,1
629,1
630,1
631,1
632,0
633,0
634,0
635,1
636,0
637,0
638,1
639,1
640,0
641,1
642,0
643,1
644,0
645,0
646,1
647,0
648,0
649,0
650,1
651,1
652,0
653,0
654,1
655,1
656,0
657,0
658,0
659,0
660,0
661,1
662,0
663,1
664,0
665,0
666,1
667,1
668,0
669,0
670,1
671,1
672,0
673,0
674,0
675,0
676,1
677,1
678,0
679,0
680,0
681,0
682,0
683,0
684,1
685,0
686,0
687,0
688,1
689,0
690,1
691,1
692,1
693,1
694,0
695,0
696,0
697,1
698,0
699,0
700,1
701,0
702,1
703,0
704,0
705,0
706,1
707,0
708,0
709,0
710,1
711,0
712,0
713,0
714,0
715,0
716,0
717,1
718,0
719,0
720,0
721,1
722,0
723,0
724,1
725,0
726,0
727,0
728,1
729,0
730,0
731,0
732,0
733,0
734,1
735,1
736,0
737,0
738,0
739,1
740,0
741,1
742,0
743,1
744,1
745,0
746,0
747,0
748,0
749,0
750,0
751,1
752,0
753,1
754,0
755,0
756,1
757,0
758,0
759,1
760,1
761,1
762,0
763,0
764,0
765,1
766,0
767,1
768,1
769,0
770,1
771,0
772,0
773,0
774,1
775,0
776,0
777,0
778,1
779,0
780,1
781,1
782,0
783,0
784,0
785,0
786,0
787,1
788,1
789,0
790,1
791,1
792,1
793,0
794,1
795,0
796,0
797,1
798,1
799,1
800,0
801,0
802,1
803,0
804,0
805,1
806,0
807,0
808,1
809,0
810,0
811,1
812,0
813,0
814,0
815,0
816,0
817,1
818,0
819,0
820,0
821,0
822,1
823,0
824,0
825,1
826,1
827,0
828,1
829,0
830,1
831,0
832,0
833,1
834,0
835,1
836,1
837,0
838,0
839,1
840,1
841,0
842,0
843,1
844,0
845,1
846,0
847,0
848,0
849,0
850,0
851,0
852,0
853,1
854,1
855,1
856,0
857,0
858,0
859,0
860,0
861,1
862,0
863,0
864,0
865,0
866,1
867,0
868,0
869,0
870,0
871,0
872,0
873,1
874,1
875,0
876,0
877,0
878,1
879,0
880,0
881,0
882,0
883,1
884,0
885,1
886,1
887,0
888,0
889,1
890,0
891,0
892,0
893,0
894,0
895,1
896,0
897,0
898,0
899,0
900,0
901,1
902,1
903,0
904,1
905,0
906,0
907,0
908,0
909,1
910,1
911,1
912,0
913,0
914,1
915,1
916,1
917,0
918,0
919,0
920,1
921,1
922,0
923,0
924,1
925,0
926,0
927,0
928,1
929,1
930,0
931,0
932,0
933,1
934,0
935,1
936,0
937,0
938,1
939,1
940,0
941,0
942,0
943,1
944,0
945,1
946,1
947,0
948,0
949,0
950,0
951,1
952,0
953,0
954,1
955,0
956,0
957,1
958,0
959,1
960,1
961,1
962,0
963,0
964,1
965,1
966,0
967,0
968,1
969,0
970,1
971,0
972,0
973,1
974,0
975,1
976,1
977,1
978,1
979,1
980,0
981,0
982,1
983,0
984,0
985,0
986,0
987,0
988,0
989,0
990,0
991,1
992,0
993,0
994,0
995,0
996,1
997,1
998,0
999,0
1000,0
1001,1
1002,1
1003,1
1004,0
1005,1
1006,0
1007,1
1008,0
1009,0
1010,0
1011,0
1012,0
1013,0
1014,1
1015,1
1016,0
1017,0
1018,0
1019,0
1020,1
1021,0
1022,1
1023,0
1024,1
1025,1
1026,0
1027,0
1028,0
1029,0
1030,0
1031,0
1032,1
1033,0
1034,1
1035,0
1036,1
1037,0
1038,0
1039,0
1040,0
1041,0
1042,0
1043,0
1044,0
1045,0
1046,0
1047,1
1048,0
1049,0
1050,1
1051,0
1052,1
1053,0
1054,1
1055,0
1056,0
1057,0
1058,0
1059,1
1060,0
1061,0
1062,0
1063,0
1064,1
1065,0
1066,0
1067,0
1068,1
1069,0
1070,1
1071,1
1072,1
1073,0
1074,1
1075,0
1076,0
1077,0
1078,0
1079,1
1080,0
1081,0
1082,0
1083,1
1084,0
1085,0
1086,0
1087,1
1088,0
1089,0
1090,0
1091,0
1092,0
1093,0
1094,0
1095,0
1096,0
1097,0
1098,0
1099,0
1100,1
1101,1
1102,0
1103,1
1104,0
1105,1
1106,0
1107,0
1108,0
1109,0
1110,0
1111,0
1112,0
1113,0
1114,0
1115,1
1116,0
1117,0
1118,0
1119,0
1120,1
1121,0
1122,0
1123,0
1124,0
1125,0
1126,1
1127,1
1128,0
1129,1
1130,0
1131,1
1132,1
1133,0
1134,0
1135,0
1136,0
1137,1
1138,1
1139,1
1140,1
1141,0
1142,0
1143,1
1144,1
1145,0
1146,1
1147,0
1148,0
1149,0
1150,0
1151,1
1152,0
1153,0
1154,0
1155,1
1156,0
1157,0
1158,0
1159,0
1160,0
1161,0
1162,1
1163,0
1164,0
1165,0
1166,0
1167,0
1168,0
1169,0
1170,1
1171,0
1172,1
1173,0
1174,1
1175,1
1176,1
1177,0
1178,1
1179,0
1180,0
1181,0
1182,0
1183,0
1184,0
1185,1
1186,0
1187,1
1188,0
1189,0
1190,1
1191,0
1192,0
1193,0
1194,0
1195,0
1196,0
1197,0
1198,0
1199,0
1200,1
1201,1
1202,1
1203,0
1204,0
1205,0
1206,0
1207,1
1208,0
1209,1
1210,0
1211,0
1212,0
1213,1
1214,1
1215,0
1216,0
1217,1
1218,0
1219,0
1220,1
1221,0
1222,0
1223,0
1224,0
1225,0
1226,0
1227,0
1228,0
1229,0
1230,0
1231,0
1232,0
1233,1
1234,0
1235,0
1236,0
1237,0
1238,1
1239,1
1240,0
1241,0
1242,0
1243,0
1244,0
1245,0
1246,0
1247,1
1248,0
1249,1
1250,0
1251,1
1252,0
1253,0
1254,0
1255,0
1256,0
1257,1
1258,0
1259,1
1260,0
1261,0
1262,0
1263,1
1264,0
1265,1
1266,0
1267,0
1268,1
1269,0
1270,1
1271,0
1272,0
1273,1
1274,1
1275,1
1276,1
1277,0
1278,0
1279,0
1280,1
1281,1
1282,0
1283,0
1284,1
1285,1
1286,0
1287,0
1288,0
1289,0
1290,0
1291,1
1292,0
1293,0
1294,0
1295,0
1296,0
1297,0
1298,0
1299,1
1300,0
1301,0
1302,0
1303,1
1304,0
1305,0
1306,0
1307,0
1308,0
1309,0
1310,0
1311,0
1312,0
1313,0
1314,0
1315,0
1316,1
1317,0
1318,0
1319,1
1320,0
1321,1
1322,0
1323,0
1324,0
1325,1
1326,0
1327,0
1328,0
1329,1
1330,0
1331,0
1332,0
1333,0
1334,1
1335,0
1336,1
1337,1
1338,0
1339,0
1340,0
1341,1
1342,1
1343,0
1344,0
1345,0
1346,0
1347,0
1348,0
1349,1
1350,0
1351,0
1352,0
1353,1
1354,0
1355,1
1356,0
1357,0
1358,0
1359,0
1360,1
1361,0
1362,1
1363,0
1364,0
1365,1
1366,0
1367,0
1368,0
1369,0
1370,0
1371,1
1372,0
1373,1
1374,1
1375,0
1376,1
1377,1
1378,0
1379,0
1380,0
1381,1
1382,1
1383,0
1384,1
1385,0
1386,0
1387,0
1388,0
1389,0
1390,0
1391,0
1392,1
1393,0
1394,0
1395,0
1396,1
1397,0
1398,1
1399,1
1400,0
1401,0
1402,1
1403,0
1404,0
1405,0
1406,0
1407,0
1408,0
1409,0
1410,0
1411,0
1412,1
1413,0
1414,0
1415,1
1416,1
1417,0
1418,1
1419,1
1420,0
1421,0
1422,1
1423,0
1424,1
1425,0
1426,0
1427,1
1428,1
1429,0
1430,1
1431,1
1432,0
1433,1
1434,1
1435,1
1436,1
1437,0
1438,0
1439,0
1440,1
1441,0
1442,0
1443,1
1444,0
1445,1
1446,0
1447,0
1448,0
1449,0
1450,0
1451,0
1452,0
1453,1
1454,1
1455,0
1456,0
1457,0
1458,0
1459,1
1460,1
1461,0
1462,0
1463,1
1464,1
1465,0
1466,0
1467,0
1468,1
1469,1
1470,1
1471,0
1472,0
1473,0
1474,0
1475,1
1476,1
1477,1
1478,0
1479,0
1480,1
1481,0
1482,0
1483,0
1484,0
1485,0
1486,1
1487,0
1488,0
1489,0
1490,0
1491,0
1492,1
1493,0
1494,0
1495,0
1496,0
1497,1
1498,0
1499,1
1500,0
1501,0
1502,0
1503,1
1504,0
1505,1
1506,1
1507,0
1508,0
1509,0
1510,1
1511,0
1512,1
1513,0
1514,0
1515,0
1516,0
1517,0
1518,1
1519,1
1520,1
1521,0
1522,1
1523,0
1524,0
1525,0
1526,1
1527,0
1528,1
1529,0
1530,0
1531,0
1532,1
1533,1
1534,0
1535,0
1536,1
1537,0
1538,0
1539,1
1540,1
1541,1
1542,1
1543,1
1544,1
1545,0
1546,0
1547,0
1548,0
1549,0
1550,0
1551,0
1552,0
1553,0
1554,0
1555,0
1556,0
1557,0
1558,0
1559,0
1560,0
1561,1
1562,0
1563,0
1564,0
1565,1
1566,0
1567,1
1568,0
1569,1
1570,1
1571,0
1572,0
1573,1
1574,0
1575,0
1576,1
1577,1
1578,1
1579,0
1580,1
1581,1
1582,0
1583,0
1584,1
1585,0
1586,0
1587,0
1588,1
1589,0
1590,0
1591,0
1592,1
1593,0
1594,0
1595,0
1596,0
1597,0
1598,0
1599,0
1600,0
1601,0
1602,0
1603,0
1604,1
1605,0
1606,0
1607,0
1608,0
1609,0
1610,0
1611,0
1612,0
1613,1
1614,0
1615,0
1616,0
1617,0
1618,0
1619,1
1620,0
1621,0
1622,0
1623,0
1624,0
1625,0
1626,1
1627,0
1628,1
1629,0
1630,1
1631,0
1632,0
1633,0
1634,0
1635,1
1636,0
1637,0
1638,0
1639,1
1640,1
1641,0
1642,1
1643,0
1644,1
1645,0
1646,0
1647,0
1648,1
1649,0
1650,0
1651,0
1652,1
1653,0
1654,0
1655,1
1656,0
1657,1
1658,0
1659,0
1660,0
1661,1
1662,0
1663,0
1664,0
1665,0
1666,0
1667,1
1668,0
1669,0
1670,1
1671,0
1672,0
1673,1
1674,0
1675,0
1676,1
1677,0
1678,0
1679,1
1680,0
1681,1
1682,1
1683,0
1684,0
1685,1
1686,0
1687,1
1688,0
1689,0
1690,1
1691,0
1692,1
1693,0
1694,0
1695,1
1696,0
1697,0
1698,0
1699,0
1700,0
1701,1
1702,1
1703,0
1704,0
1705,0
1706,1
1707,0
1708,1
1709,0
1710,0
1711,1
1712,0
1713,0
1714,1
1715,0
1716,0
1717,0
1718,1
1719,0
1720,0
1721,0
1722,1
1723,0
1724,1
1725,0
1726,1
1727,0
1728,0
1729,0
1730,1
1731,0
1732,1
1733,0
1734,0
1735,1
1736,0
1737,0
1738,0
1739,0
1740,0
1741,0
1742,0
1743,1
1744,0
1745,0
1746,1
1747,0
1748,0
1749,0
1750,0
1751,1
1752,0
1753,0
1754,0
1755,0
1756,0
1757,1
1758,0
1759,0
1760,0
1761,1
1762,0
1763,0
1764,0
1765,0
1766,0
1767,0
1768,0
1769,0
1770,1
1771,0
1772,0
1773,0
1774,0
1775,0
1776,0
1777,0
1778,1
1779,0
1780,0
1781,0
1782,0
1783,0
1784,0
1785,0
1786,1
1787,0
1788,0
1789,0
1790,1
1791,1
1792,1
1793,1
1794,1
1795,0
1796,1
1797,0
1798,0
1799,0
1800,1
1801,0
1802,1
1803,0
1804,0
1805,1
1806,1
1807,0
1808,0
1809,1
1810,0
1811,0
1812,0
1813,1
1814,0
1815,0
1816,0
1817,0
1818,0
1819,0
1820,1
1821,0
1822,0
1823,1
1824,0
1825,0
1826,1
1827,0
1828,1
1829,0
1830,1
1831,1
1832,1
1833,0
1834,1
1835,0
1836,0
1837,0
1838,0
1839,0
1840,1
1841,0
1842,1
1843,0
1844,0
1845,1
1846,0
1847,0
1848,1
1849,0
1850,0
1851,0
1852,0
1853,0
1854,1
1855,0
1856,1
1857,1
1858,1
1859,0
1860,0
1861,0
1862,0
1863,0
1864,0
1865,1
1866,0
1867,1
1868,0
1869,1
1870,1
1871,1
1872,0
1873,0
1874,0
1875,0
1876,0
1877,0
1878,0
1879,0
1880,0
1881,1
1882,0
1883,0
1884,0
1885,0
1886,1
1887,0
1888,1
1889,0
1890,0
1891,0
1892,1
1893,0
1894,0
1895,0
1896,0
1897,0
1898,0
1899,0
1900,1
1901,1
1902,1
1903,0
1904,0
1905,0
1906,0
1907,0
1908,1
1909,0
1910,0
1911,0
1912,0
1913,1
1914,1
1915,0
1916,1
1917,1
1918,0
1919,1
1920,1
1921,1
1922,0
1923,0
1924,0
1925,0
1926,1
1927,0
1928,0
1929,1
1930,1
1931,0
1932,0
1933,0
1934,1
1935,1
1936,0
1937,0
1938,0
1939,0
1940,0
1941,0
1942,0
1943,0
1944,0
1945,0
1946,0
1947,0
1948,0
1949,0
1950,0
1951,1
1952,1
1953,0
1954,1
1955,0
1956,0
1957,0
1958,1
1959,0
1960,1
1961,0
1962,0
1963,0
1964,0
1965,1
1966,0
1967,1
1968,0
1969,1
1970,1
1971,1
1972,1
1973,0
1974,0
1975,1
1976,1
1977,1
1978,0
1979,1
1980,0
1981,0
1982,0
1983,0
1984,0
1985,0
1986,0
1987,1
1988,0
1989,0
1990,1
1991,0
1992,0
1993,0
1994,0
1995,0
1996,1
1997,0
1998,0
1999,0
2000,0
2001,1
2002,1
2003,0
2004,0
2005,0
2006,0
2007,1
2008,1
2009,0
2010,1
2011,0
2012,1
2013,0
2014,1
2015,0
2016,0
2017,0
2018,0
2019,0
2020,0
2021,0
2022,0
2023,1
2024,1
2025,0
2026,0
2027,1
2028,0
2029,1
2030,0
2031,0
2032,0
2033,0
2034,0
2035,1
2036,0
2037,0
2038,1
2039,1
2040,0
2041,0
2042,1
2043,0
2044,0
2045,0
2046,0
2047,0
2048,0
2049,0
2050,0
2051,0
2052,0
2053,0
2054,1
2055,0
2056,0
2057,1
2058,0
2059,0
2060,0
2061,0
2062,0
2063,0
2064,0
2065,0
2066,0
2067,0
2068,0
2069,0
2070,1
2071,0
2072,0
2073,0
2074,1
2075,0
2076,0
2077,0
2078,1
2079,0
2080,1
2081,0
2082,0
2083,0
2084,0
2085,0
2086,1
2087,1
2088,0
2089,0
2090,0
2091,0
2092,1
2093,0
2094,0
2095,0
2096,1
2097,0
2098,0
2099,0
2100,0
2101,0
2102,0
2103,0
2104,1
2105,1
2106,1
2107,0
2108,1
2109,1
2110,1
2111,1
2112,1
2113,0
2114,0
2115,1
2116,0
2117,0
2118,0
2119,0
2120,1
2121,0
2122,1
2123,0
2124,1
2125,0
2126,0
2127,0
2128,0
2129,1
2130,1
2131,1
2132,1
2133,0
2134,0
2135,0
2136,0
2137,0
2138,0
2139,0
2140,0
2141,0
2142,0
2143,1
2144,0
2145,0
2146,0
2147,0
2148,1
2149,0
2150,0
2151,0
2152,0
2153,0
2154,0
2155,0
2156,0
2157,0
2158,1
2159,0
2160,1
2161,0
2162,0
2163,0
2164,0
2165,0
2166,1
2167,0
2168,0
2169,0
2170,1
2171,0
2172,0
2173,0
2174,0
2175,0
2176,0
2177,1
2178,0
2179,0
2180,1
2181,0
2182,0
2183,0
2184,1
2185,0
2186,1
2187,0
2188,1
2189,1
2190,0
2191,0
2192,0
2193,0
2194,0
2195,0
2196,0
2197,0
2198,0
2199,0
2200,1
2201,1
2202,0
2203,0
2204,1
2205,1
2206,0
2207,0
2208,0
2209,0
2210,0
2211,0
2212,1
2213,0
2214,0
2215,0
2216,0
2217,0
2218,0
2219,0
2220,0
2221,1
2222,0
2223,0
2224,0
2225,0
2226,1
2227,0
2228,0
2229,1
2230,0
2231,0
2232,0
2233,1
2234,0
2235,0
2236,1
2237,0
2238,1
2239,0
2240,0
2241,1
2242,0
2243,0
2244,0
2245,0
2246,0
2247,0
2248,0
2249,1
2250,0
2251,0
2252,1
2253,0
2254,0
2255,0
2256,0
2257,0
2258,0
2259,0
2260,1
2261,0
2262,0
2263,1
2264,1
2265,0
2266,0
2267,0
2268,0
2269,1
2270,0
2271,1
2272,0
2273,1
2274,1
2275,0
2276,0
2277,0
2278,0
2279,1
2280,1
2281,0
2282,1
2283,1
2284,1
2285,0
2286,0
2287,1
2288,0
2289,0
2290,1
2291,1
2292,1
2293,0
2294,1
2295,0
2296,0
2297,0
2298,0
2299,0
2300,1
2301,1
2302,0
2303,0
2304,0
2305,0
2306,1
2307,0
2308,0
2309,1
2310,0
2311,1
2312,1
2313,0
2314,0
2315,0
2316,0
2317,0
2318,1
2319,0
2320,0
2321,0
2322,1
2323,0
2324,1
2325,0
2326,0
2327,0
2328,0
2329,0
2330,0
2331,1
2332,1
2333,0
2334,1
2335,0
2336,1
2337,0
2338,0
2339,1
2340,0
2341,0
2342,0
2343,1
2344,1
2345,0
2346,0
2347,1
2348,0
2349,0
2350,1
2351,0
2352,1
2353,0
2354,1
2355,1
2356,0
2357,1
2358,0
2359,0
2360,1
2361,0
2362,0
2363,0
2364,0
2365,0
2366,0
2367,0
2368,0
2369,0
2370,1
2371,0
2372,1
2373,0
2374,0
2375,0
2376,1
2377,0
2378,1
2379,1
2380,1
2381,0
2382,0
2383,0
2384,1
2385,1
2386,0
2387,0
2388,0
2389,0
2390,1
2391,0
2392,0
2393,1
2394,0
2395,0
2396,0
2397,1
2398,0
2399,1
2400,0
2401,0
2402,0
2403,0
2404,1
2405,0
2406,0
2407,0
2408,0
2409,0
2410,0
2411,0
2412,0
2413,0
2414,0
2415,0
2416,1
2417,1
2418,1
2419,0
2420,1
2421,0
2422,0
2423,0
2424,1
2425,0
2426,0
2427,0
2428,1
2429,0
2430,0
2431,0
2432,1
2433,0
2434,0
2435,0
2436,0
2437,0
2438,0
2439,0
2440,0
2441,0
2442,0
2443,1
2444,0
2445,1
2446,1
2447,0
2448,0
2449,0
2450,0
2451,0
2452,0
2453,0
2454,1
2455,0
2456,1
2457,0
2458,0
2459,1
2460,0
2461,0
2462,1
2463,0
2464,0
2465,0
2466,0
2467,0
2468,0
2469,1
2470,0
2471,1
2472,0
2473,0
2474,0
2475,0
2476,0
2477,1
2478,1
2479,1
2480,1
2481,0
2482,0
2483,0
2484,0
2485,0
2486,0
2487,0
2488,1
2489,0
2490,0
2491,0
2492,1
2493,0
2494,0
2495,0
2496,0
2497,0
2498,0
2499,1
2500,0
2501,1
2502,0
2503,1
2504,1
2505,0
2506,0
2507,1
2508,0
2509,0
2510,0
2511,0
2512,1
2513,0
2514,0
2515,1
2516,1
2517,1
2518,1
2519,0
2520,0
2521,0
2522,1
2523,0
2524,0
2525,0
2526,1
2527,0
2528,0
2529,1
2530,0
2531,1
2532,0
2533,0
2534,0
2535,0
2536,1
2537,0
2538,0
2539,0
2540,1
2541,0
2542,1
2543,0
2544,0
2545,0
2546,0
2547,0
2548,1
2549,1
2550,0
2551,1
2552,0
2553,0
2554,1
2555,0
2556,0
2557,0
2558,0
2559,0
2560,0
2561,0
2562,0
2563,0
2564,1
2565,0
2566,1
2567,1
2568,1
2569,1
2570,0
2571,0
2572,1
2573,1
2574,1
2575,1
2576,0
2577,1
2578,0
2579,0
2580,1
2581,0
2582,0
2583,1
2584,0
2585,1
2586,0
2587,0
2588,0
2589,0
2590,0
2591,0
2592,1
2593,0
2594,1
2595,0
2596,1
2597,1
2598,0
2599,1
2600,0
2601,0
2602,0
2603,1
2604,1
2605,0
2606,0
2607,0
2608,1
2609,1
2610,1
2611,0
2612,0
2613,0
2614,0
2615,0
2616,1
2617,1
2618,0
2619,0
2620,0
2621,0
2622,0
2623,1
2624,0
2625,0
2626,0
2627,1
2628,0
2629,0
2630,1
2631,1
2632,0
2633,0
2634,0
2635,0
2636,1
2637,0
2638,0
2639,1
2640,0
2641,1
2642,0
2643,0
2644,1
2645,1
2646,0
2647,0
2648,1
2649,0
2650,0
2651,1
2652,0
2653,1
2654,0
2655,1
2656,0
2657,0
2658,0
2659,1
2660,0
2661,1
2662,0
2663,0
2664,1
2665,0
2666,0
2667,0
2668,0
2669,1
2670,1
2671,0
2672,0
2673,0
2674,0
2675,0
2676,0
2677,1
2678,1
2679,0
2680,0
2681,1
2682,0
2683,1
2684,0
2685,0
2686,0
2687,0
2688,0
2689,0
2690,1
2691,0
2692,1
2693,1
2694,1
2695,0
2696,1
2697,0
2698,0
2699,0
2700,0
2701,0
2702,0
2703,0
2704,0
2705,0
2706,0
2707,1
2708,1
2709,0
2710,0
2711,0
2712,0
2713,0
2714,1
2715,0
2716,0
2717,0
2718,0
2719,0
2720,0
2721,1
2722,0
2723,0
2724,0
2725,0
2726,0
2727,0
2728,0
2729,1
2730,0
2731,0
2732,0
2733,1
2734,0
2735,0
2736,1
2737,0
2738,0
2739,0
2740,0
2741,0
2742,1
2743,0
2744,0
2745,0
2746,0
2747,1
2748,1
2749,1
2750,0
2751,1
2752,0
2753,1
2754,0
2755,0
2756,1
2757,0
2758,0
2759,1
2760,0
2761,0
2762,0
2763,0
2764,0
2765,0
2766,1
2767,0
2768,0
2769,0
2770,0
2771,0
2772,0
2773,0
2774,0
2775,0
2776,0
2777,1
2778,0
2779,0
2780,0
2781,0
2782,0
2783,0
2784,0
2785,0
2786,0
2787,0
2788,1
2789,0
2790,0
2791,0
2792,1
2793,1
2794,0
2795,1
2796,0
2797,0
2798,1
2799,0
2800,0
2801,1
2802,0
2803,0
2804,0
2805,0
2806,0
2807,0
2808,0
2809,0
2810,1
2811,0
2812,0
2813,0
2814,1
2815,0
2816,0
2817,1
2818,1
2819,0
2820,0
2821,1
2822,1
2823,0
2824,0
2825,0
2826,0
2827,0
2828,1
2829,1
2830,1
2831,0
2832,0
2833,0
2834,1
2835,0
2836,0
2837,1
2838,0
2839,0
2840,1
2841,0
2842,0
2843,0
2844,1
2845,1
2846,0
2847,1
2848,1
2849,1
2850,1
2851,0
2852,0
2853,1
2854,0
2855,0
2856,0
2857,1
2858,1
2859,0
2860,0
2861,0
2862,1
2863,1
2864,1
2865,0
2866,0
2867,0
2868,0
2869,0
2870,0
2871,0
2872,0
2873,0
2874,0
2875,0
2876,0
2877,0
2878,0
2879,1
2880,0
2881,0
2882,1
2883,0
2884,0
2885,1
2886,0
2887,1
2888,0
2889,0
2890,0
2891,0
2892,0
2893,0
2894,1
2895,0
2896,1
2897,0
2898,0
2899,0
2900,1
2901,1
2902,0
2903,1
2904,1
2905,0
2906,1
2907,1
2908,1
2909,1
2910,1
2911,0
2912,0
2913,1
2914,0
2915,0
2916,0
2917,0
2918,0
2919,0
2920,1
2921,0
2922,0
2923,1
2924,1
2925,0
2926,0
2927,0
2928,0
2929,0
2930,0
2931,0
2932,1
2933,1
2934,0
2935,0
2936,0
2937,0
2938,0
2939,1
2940,0
2941,1
2942,1
2943,0
2944,0
2945,0
2946,0
2947,0
2948,0
2949,1
2950,0
2951,0
2952,0
2953,1
2954,0
2955,1
2956,0
2957,0
2958,1
2959,0
2960,1
2961,0
2962,0
2963,0
2964,1
2965,0
2966,1
2967,0
2968,0
2969,1
2970,1
2971,1
2972,1
2973,0
2974,0
2975,0
2976,0
2977,0
2978,0
2979,0
2980,0
2981,0
2982,1
2983,1
2984,0
2985,1
2986,0
2987,0
2988,1
2989,1
2990,1
2991,0
2992,1
2993,1
2994,1
2995,0
2996,1
2997,0
2998,1
2999,1
3000,1
3001,0
3002,1
3003,0
3004,0
3005,0
3006,0
3007,0
3008,0
3009,0
3010,1
3011,0
3012,0
3013,0
3014,1
3015,1
3016,0
3017,1
3018,0
3019,0
3020,0
3021,0
3022,0
3023,1
3024,0
3025,0
3026,0
3027,0
3028,0
3029,1
3030,1
3031,0
3032,1
3033,0
3034,1
3035,0
3036,1
3037,0
3038,0
3039,0
3040,1
3041,1
3042,1
3043,0
3044,0
3045,1
3046,0
3047,1
3048,1
3049,1
3050,0
3051,1
3052,0
3053,1
3054,1
3055,0
3056,0
3057,0
3058,1
3059,1
3060,0
3061,0
3062,0
3063,1
3064,1
3065,0
3066,0
3067,0
3068,0
3069,1
3070,0
3071,1
3072,1
3073,0
3074,0
3075,0
3076,0
3077,1
3078,0
3079,0
3080,1
3081,0
3082,0
3083,0
3084,1
3085,1
3086,0
3087,1
3088,0
3089,1
3090,0
3091,0
3092,0
3093,0
3094,0
3095,1
3096,0
3097,0
3098,0
3099,1
3100,1
3101,1
3102,0
3103,0
3104,0
3105,1
3106,1
3107,0
3108,0
3109,1
3110,0
3111,0
3112,1
3113,0
3114,0
3115,1
3116,0
3117,0
3118,0
3119,1
3120,0
3121,1
3122,1
3123,0
3124,0
3125,0
3126,0
3127,0
3128,1
3129,0
3130,1
3131,0
3132,1
3133,0
3134,0
3135,0
3136,0
3137,0
3138,1
3139,0
3140,0
3141,0
3142,1
3143,1
3144,0
3145,0
3146,0
3147,0
3148,1
3149,0
3150,0
3151,1
3152,0
3153,0
3154,0
3155,0
3156,0
3157,1
3158,0
3159,1
3160,0
3161,0
3162,0
3163,0
3164,0
3165,0
3166,0
3167,1
3168,0
3169,0
3170,0
3171,0
3172,0
3173,1
3174,0
3175,1
3176,0
3177,1
3178,0
3179,0
3180,0
3181,0
3182,1
3183,1
3184,0
3185,0
3186,1
3187,0
3188,1
3189,0
3190,0
3191,0
3192,1
3193,0
3194,0
3195,0
3196,0
3197,1
3198,0
3199,0
3200,1
3201,0
3202,0
3203,0
3204,1
3205,1
3206,0
3207,0
3208,0
3209,0
3210,0
3211,0
3212,1
3213,0
3214,0
3215,0
3216,1
3217,0
3218,0
3219,0
3220,1
3221,0
3222,0
3223,1
3224,1
3225,0
3226,1
3227,0
3228,0
3229,1
3230,0
3231,0
3232,0
3233,0
3234,0
3235,0
3236,1
3237,1
3238,0
3239,1
3240,0
3241,0
3242,1
3243,0
3244,1
3245,0
3246,0
3247,0
3248,0
3249,0
3250,0
3251,0
3252,1
3253,1
3254,0
3255,0
3256,0
3257,0
3258,1
3259,0
3260,0
3261,1
3262,0
3263,1
3264,0
3265,1
3266,0
3267,0
3268,0
3269,0
3270,1
3271,1
3272,0
3273,0
3274,1
3275,0
3276,1
3277,1
3278,0
3279,0
3280,1
3281,0
3282,0
3283,0
3284,0
3285,0
3286,0
3287,0
3288,1
3289,1
3290,1
3291,0
3292,1
3293,0
3294,0
3295,0
3296,0
3297,1
3298,1
3299,0
3300,0
3301,0
3302,0
3303,0
3304,1
3305,0
3306,1
3307,0
3308,1
3309,0
3310,1
3311,0
3312,1
3313,1
3314,1
3315,1
3316,0
3317,1
3318,0
3319,0
3320,0
3321,1
3322,1
3323,1
3324,0
3325,0
3326,1
3327,0
3328,1
3329,0
3330,1
3331,0
3332,0
3333,1
3334,1
3335,1
3336,0
3337,0
3338,1
3339,0
3340,0
3341,0
3342,1
3343,0
3344,1
3345,1
3346,0
3347,0
3348,0
3349,0
3350,0
3351,1
3352,0
3353,0
3354,0
3355,0
3356,0
3357,0
3358,1
3359,1
3360,0
3361,1
3362,0
3363,1
3364,1
3365,0
3366,0
3367,0
3368,0
3369,0
3370,0
3371,0
3372,0
3373,0
3374,0
3375,1
3376,1
3377,1
3378,0
3379,1
3380,0
3381,0
3382,0
3383,1
3384,0
3385,0
3386,0
3387,0
3388,0
3389,0
3390,1
3391,0
3392,0
3393,0
3394,0
3395,1
3396,0
3397,0
3398,1
3399,0
3400,0
3401,1
3402,1
3403,0
3404,0
3405,0
3406,1
3407,0
3408,0
3409,0
3410,0
3411,0
3412,1
3413,1
3414,1
3415,0
3416,0
3417,0
3418,1
3419,0
3420,0
3421,0
3422,0
3423,1
3424,1
3425,0
3426,0
3427,0
3428,0
3429,1
3430,0
3431,0
3432,0
3433,0
3434,1
3435,0
3436,0
3437,0
3438,1
3439,0
3440,1
3441,0
3442,1
3443,0
3444,0
3445,1
3446,1
3447,0
3448,0
3449,0
3450,1
3451,0
3452,0
3453,0
3454,0
3455,1
3456,0
3457,0
3458,0
3459,0
3460,1
3461,1
3462,0
3463,0
3464,0
3465,0
3466,0
3467,0
3468,1
3469,0
3470,1
3471,1
3472,0
3473,0
3474,1
3475,0
3476,0
3477,1
3478,0
3479,0
3480,0
3481,0
3482,0
3483,0
3484,1
3485,0
3486,0
3487,0
3488,1
3489,0
3490,0
3491,1
3492,0
3493,0
3494,0
3495,1
3496,1
3497,0
3498,0
3499,1
3500,0
3501,1
3502,0
3503,0
3504,0
3505,0
3506,1
3507,0
3508,0
3509,1
3510,1
3511,0
3512,0
3513,0
3514,0
3515,1
3516,0
3517,0
3518,0
3519,0
3520,0
3521,0
3522,0
3523,0
3524,0
3525,0
3526,1
3527,0
3528,0
3529,1
3530,1
3531,1
3532,1
3533,0
3534,1
3535,0
3536,0
3537,1
3538,0
3539,0
3540,1
3541,0
3542,0
3543,1
3544,0
3545,0
3546,0
3547,0
3548,1
3549,0
3550,0
3551,0
3552,0
3553,1
3554,0
3555,0
3556,0
3557,0
3558,0
3559,1
3560,1
3561,0
3562,1
3563,0
3564,0
3565,1
3566,0
3567,0
3568,1
3569,0
3570,0
3571,0
3572,1
3573,1
3574,0
3575,1
3576,0
3577,1
3578,0
3579,1
3580,0
3581,1
3582,1
3583,0
3584,1
3585,1
3586,0
3587,1
3588,0
3589,1
3590,0
3591,0
3592,0
3593,0
3594,1
3595,1
3596,0
3597,1
3598,0
3599,0
3600,0
3601,1
3602,0
3603,0
3604,1
3605,0
3606,1
3607,1
3608,1
3609,1
3610,0
3611,0
3612,0
3613,0
3614,0
3615,0
3616,1
3617,0
3618,1
3619,0
3620,1
3621,1
3622,0
3623,0
3624,0
3625,0
3626,0
3627,1
3628,0
3629,1
3630,0
3631,0
3632,0
3633,1
3634,1
3635,1
3636,0
3637,0
3638,1
3639,0
3640,1
3641,0
3642,0
3643,0
3644,0
3645,1
3646,0
3647,0
3648,0
3649,0
3650,0
3651,0
3652,0
3653,0
3654,0
3655,0
3656,0
3657,1
3658,0
3659,0
3660,0
3661,1
3662,0
3663,0
3664,0
3665,0
3666,0
3667,0
3668,0
3669,1
3670,0
3671,1
3672,0
3673,0
3674,1
3675,0
3676,1
3677,0
3678,1
3679,0
3680,0
3681,0
3682,0
3683,0
3684,0
3685,0
3686,0
3687,0
3688,0
3689,0
3690,0
3691,0
3692,0
3693,0
3694,0
3695,0
3696,1
3697,0
3698,0
3699,0
3700,0
3701,0
3702,1
3703,1
3704,0
3705,0
3706,1
3707,1
3708,0
3709,1
3710,0
3711,0
3712,0
3713,0
3714,0
3715,1
3716,1
3717,0
3718,0
3719,0
3720,0
3721,0
3722,0
3723,0
3724,0
3725,0
3726,0
3727,0
3728,0
3729,1
3730,0
3731,1
3732,0
3733,1
3734,1
3735,0
3736,0
3737,1
3738,0
3739,0
3740,0
3741,1
3742,0
3743,1
3744,0
3745,0
3746,1
3747,1
3748,1
3749,1
3750,0
3751,0
3752,0
3753,1
3754,1
3755,0
3756,0
3757,0
3758,0
3759,1
3760,0
3761,0
3762,1
3763,0
3764,0
3765,1
3766,0
3767,1
3768,1
3769,0
3770,1
3771,1
3772,1
3773,1
3774,0
3775,0
3776,1
3777,0
3778,0
3779,0
3780,0
3781,0
3782,0
3783,0
3784,0
3785,0
3786,1
3787,0
3788,0
3789,0
3790,0
3791,0
3792,0
3793,0
3794,1
3795,0
3796,1
3797,1
3798,0
3799,0
3800,1
3801,0
3802,0
3803,0
3804,0
3805,0
3806,0
3807,0
3808,0
3809,0
3810,0
3811,0
3812,0
3813,0
3814,0
3815,0
3816,1
3817,0
3818,1
3819,1
3820,0
3821,0
3822,0
3823,0
3824,0
3825,1
3826,0
3827,0
3828,0
3829,0
3830,1
3831,1
3832,0
3833,1
3834,0
3835,1
3836,0
3837,1
3838,0
3839,1
3840,0
3841,1
3842,0
3843,0
3844,0
3845,1
3846,0
3847,0
3848,0
3849,0
3850,0
3851,1
3852,1
3853,0
3854,1
3855,0
3856,1
3857,0
3858,1
3859,0
3860,0
3861,1
3862,0
3863,1
3864,1
3865,0
3866,1
3867,1
3868,0
3869,1
3870,0
3871,0
3872,0
3873,0
3874,1
3875,0
3876,1
3877,1
3878,1
3879,0
3880,0
3881,0
3882,1
3883,1
3884,1
3885,1
3886,0
3887,0
3888,0
3889,1
3890,1
3891,1
3892,0
3893,1
3894,0
3895,0
3896,0
3897,1
3898,0
3899,1
3900,1
3901,0
3902,1
3903,0
3904,0
3905,0
3906,0
3907,1
3908,1
3909,0
3910,0
3911,1
3912,0
3913,1
3914,0
3915,1
3916,1
3917,0
3918,0
3919,1
3920,1
3921,0
3922,1
3923,0
3924,0
3925,1
3926,0
3927,0
3928,0
3929,0
3930,0
3931,0
3932,0
3933,0
3934,0
3935,1
3936,0
3937,0
3938,1
3939,1
3940,0
3941,1
3942,1
3943,1
3944,0
3945,0
3946,0
3947,0
3948,1
3949,0
3950,0
3951,0
3952,0
3953,1
3954,0
3955,0
3956,0
3957,0
3958,0
3959,0
3960,1
3961,0
3962,1
3963,0
3964,1
3965,1
3966,1
3967,0
3968,1
3969,0
3970,0
3971,0
3972,0
3973,0
3974,0
3975,0
3976,0
3977,0
3978,1
3979,0
3980,0
3981,0
3982,1
3983,0
3984,0
3985,0
3986,1
3987,0
3988,0
3989,1
3990,1
3991,0
3992,0
3993,0
3994,0
3995,0
3996,0
3997,1
3998,0
3999,1
4000,1
4001,0
4002,1
4003,1
4004,0
4005,1
4006,0
4007,0
4008,0
4009,0
4010,0
4011,1
4012,1
4013,0
4014,0
4015,1
4016,0
4017,1
4018,1
4019,0
4020,0
4021,0
4022,0
4023,0
4024,0
4025,1
4026,1
4027,0
4028,0
4029,0
4030,1
4031,0
4032,0
4033,0
4034,0
4035,0
4036,0
4037,0
4038,0
4039,0
4040,0
4041,0
4042,1
4043,1
4044,0
4045,1
4046,0
4047,0
4048,0
4049,0
4050,0
4051,0
4052,0
4053,0
4054,1
4055,0
4056,0
4057,0
4058,0
4059,0
4060,1
4061,0
4062,1
4063,0
4064,1
4065,1
4066,1
4067,0
4068,0
4069,1
4070,1
4071,0
4072,0
4073,0
4074,1
4075,1
4076,1
4077,0
4078,0
4079,0
4080,0
4081,0
4082,0
4083,0
4084,0
4085,0
4086,0
4087,1
4088,0
4089,0
4090,0
4091,1
4092,1
4093,1
4094,0
4095,1
4096,0
4097,0
4098,0
4099,0
4100,1
4101,0
4102,0
4103,1
4104,0
4105,1
4106,1
4107,0
4108,0
4109,1
4110,1
4111,0
4112,0
4113,0
4114,1
4115,0
4116,0
4117,0
4118,0
4119,1
4120,0
4121,0
4122,0
4123,0
4124,0
4125,1
4126,0
4127,1
4128,0
4129,1
4130,0
4131,1
4132,1
4133,1
4134,1
4135,0
4136,1
4137,1
4138,0
4139,0
4140,1
4141,0
4142,1
4143,0
4144,1
4145,1
4146,0
4147,1
4148,1
4149,0
4150,0
4151,0
4152,0
4153,0
4154,0
4155,0
4156,0
4157,0
4158,0
4159,1
4160,1
4161,1
4162,0
4163,0
4164,0
4165,0
4166,0
4167,1
4168,0
4169,0
4170,0
4171,1
4172,0
4173,0
4174,0
4175,1
4176,0
4177,0
4178,0
4179,0
4180,0
4181,1
4182,0
4183,0
4184,0
4185,0
4186,0
4187,0
4188,1
4189,0
4190,0
4191,0
4192,1
4193,0
4194,0
4195,0
4196,1
4197,0
4198,0
4199,0
4200,1
4201,0
4202,0
4203,0
4204,1
4205,1
4206,0
4207,0
4208,1
4209,0
4210,1
4211,1
4212,0
4213,0
4214,0
4215,1
4216,1
4217,1
4218,0
4219,0
4220,1
4221,1
4222,0
4223,0
4224,0
4225,0
4226,0
4227,1
4228,0
4229,0
4230,0
4231,0
4232,0
4233,1
4234,0
4235,1
4236,0
4237,0
4238,0
4239,0
4240,0
4241,0
4242,0
4243,0
4244,0
4245,1
4246,0
4247,1
4248,0
4249,0
4250,1
4251,0
4252,0
4253,0
4254,0
4255,0
4256,1
4257,1
4258,1
4259,0
4260,0
4261,0
4262,0
4263,1
4264,0
4265,1
4266,1
4267,1
4268,0
4269,1
4270,0
4271,1
4272,0
4273,0
4274,1
4275,0
4276,0
4277,1
4278,0
4279,0
4280,0
4281,0
4282,1
4283,0
4284,1
4285,1
4286,1
4287,0
4288,0
4289,0
4290,1
4291,0
4292,0
4293,1
4294,1
4295,0
4296,1
4297,1
4298,0
4299,0
4300,0
4301,0
4302,1
4303,0
4304,0
4305,0
4306,0
4307,0
4308,0
4309,0
4310,1
4311,0
4312,0
4313,0
4314,0
4315,0
4316,0
4317,0
4318,0
4319,1
4320,0
4321,0
4322,0
4323,0
4324,0
4325,0
4326,1
4327,0
4328,0
4329,0
4330,1
4331,0
4332,0
4333,0
4334,1
4335,0
4336,0
4337,1
4338,0
4339,1
4340,0
4341,0
4342,1
4343,0
4344,1
4345,0
4346,0
4347,1
4348,0
4349,1
4350,1
4351,0
4352,0
4353,0
4354,0
4355,1
4356,1
4357,0
4358,0
4359,1
4360,0
4361,0
4362,0
4363,0
4364,0
4365,1
4366,1
4367,1
4368,0
4369,0
4370,1
4371,0
4372,0
4373,1
4374,0
4375,0
4376,0
4377,0
4378,0
4379,1
4380,0
4381,0
4382,0
4383,1
4384,0
4385,0
4386,0
4387,0
4388,1
4389,1
4390,0
4391,0
4392,0
4393,0
4394,1
4395,0
4396,0
4397,0
4398,1
4399,0
4400,1
4401,0
4402,1
4403,0
4404,0
4405,0
4406,1
4407,0
4408,1
4409,1
4410,0
4411,0
4412,0
4413,0
4414,0
4415,0
4416,0
4417,0
4418,0
4419,1
4420,1
4421,1
4422,0
4423,0
4424,0
4425,1
4426,0
4427,0
4428,0
4429,0
4430,0
4431,0
4432,0
4433,0
4434,0
4435,0
4436,0
4437,0
4438,0
4439,0
4440,0
4441,1
4442,0
4443,0
4444,1
4445,0
4446,0
4447,1
4448,0
4449,1
4450,0
4451,0
4452,0
4453,0
4454,0
4455,1
4456,0
4457,1
4458,0
4459,0
4460,0
4461,0
4462,1
4463,1
4464,1
4465,0
4466,0
4467,1
4468,0
4469,1
4470,1
4471,0
4472,0
4473,1
4474,1
4475,0
4476,1
4477,0
4478,1
4479,0
4480,0
4481,0
4482,1
4483,0
4484,0
4485,0
4486,0
4487,0
4488,0
4489,0
4490,1
4491,0
4492,0
4493,0
4494,1
4495,1
4496,0
4497,1
4498,1
4499,1
4500,0
4501,0
4502,1
4503,0
4504,0
4505,0
4506,0
4507,0
4508,0
4509,0
4510,0
4511,0
4512,0
4513,1
4514,1
4515,1
4516,0
4517,1
4518,1
4519,0
4520,1
4521,0
4522,0
4523,0
4524,0
4525,1
4526,0
4527,1
4528,0
4529,0
4530,1
4531,1
4532,1
4533,1
4534,0
4535,0
4536,0
4537,0
4538,0
4539,0
4540,0
4541,0
4542,0
4543,0
4544,0
4545,1
4546,0
4547,0
4548,0
4549,0
4550,0
4551,0
4552,0
4553,0
4554,1
4555,0
4556,1
4557,0
4558,1
4559,0
4560,0
4561,0
4562,0
4563,0
4564,1
4565,0
4566,1
4567,0
4568,1
4569,0
4570,1
4571,0
4572,0
4573,0
4574,0
4575,0
4576,0
4577,0
4578,1
4579,0
4580,0
4581,0
4582,0
4583,0
4584,1
4585,1
4586,0
4587,0
4588,0
4589,0
4590,1
4591,0
4592,1
4593,0
4594,1
4595,0
4596,0
4597,1
4598,0
4599,0
4600,0
4601,1
4602,1
4603,1
4604,0
4605,1
4606,0
4607,0
4608,0
4609,1
4610,1
4611,1
4612,0
4613,0
4614,0
4615,0
4616,0
4617,0
4618,0
4619,0
4620,1
4621,1
4622,0
4623,0
4624,0
4625,1
4626,1
4627,0
4628,0
4629,1
4630,0
4631,0
4632,0
4633,0
4634,0
4635,0
4636,0
4637,0
4638,1
4639,0
4640,1
4641,0
4642,0
4643,1
4644,0
4645,0
4646,0
4647,1
4648,0
4649,0
4650,1
4651,0
4652,0
4653,0
4654,1
4655,1
4656,0
4657,1
4658,0
4659,0
4660,1
4661,0
4662,1
4663,1
4664,1
4665,0
4666,0
4667,0
4668,0
4669,1
4670,0
4671,1
4672,1
4673,0
4674,1
4675,0
4676,1
4677,1
4678,0
4679,0
4680,0
4681,1
4682,1
4683,1
4684,0
4685,0
4686,1
4687,1
4688,0
4689,0
4690,0
4691,0
4692,1
4693,0
4694,0
4695,0
4696,1
4697,0
4698,1
4699,1
4700,0
4701,0
4702,1
4703,1
4704,0
4705,0
4706,1
4707,0
4708,0
4709,0
4710,0
4711,0
4712,1
4713,1
4714,0
4715,1
4716,0
4717,0
4718,1
4719,0
4720,0
4721,0
4722,1
4723,0
4724,0
4725,0
4726,0
4727,0
4728,1
4729,0
4730,0
4731,1
4732,0
4733,1
4734,1
4735,0
4736,0
4737,0
4738,0
4739,1
4740,0
4741,0
4742,1
4743,0
4744,0
4745,0
4746,0
4747,0
4748,0
4749,0
4750,1
4751,0
4752,1
4753,0
4754,0
4755,0
4756,0
4757,0
4758,0
4759,1
4760,1
4761,0
4762,1
4763,0
4764,1
4765,0
4766,0
4767,1
4768,0
4769,0
4770,0
4771,0
4772,0
4773,1
4774,0
4775,1
4776,0
4777,0
4778,0
4779,0
4780,0
4781,1
4782,1
4783,1
4784,0
4785,0
4786,0
4787,0
4788,0
4789,0
4790,0
4791,0
4792,0
4793,0
4794,1
4795,0
4796,1
4797,1
4798,1
4799,0
4800,0
4801,0
4802,0
4803,0
4804,1
4805,0
4806,1
4807,0
4808,1
4809,0
4810,1
4811,0
4812,0
4813,1
4814,0
4815,0
4816,0
4817,0
4818,1
4819,0
4820,0
4821,0
4822,0
4823,1
4824,0
4825,0
4826,0
4827,1
4828,0
4829,0
4830,1
4831,1
4832,1
4833,0
4834,1
4835,0
4836,0
4837,0
4838,0
4839,1
4840,0
4841,0
4842,0
4843,0
4844,1
4845,0
4846,0
4847,0
4848,0
4849,0
4850,0
4851,0
4852,1
4853,0
4854,0
4855,1
4856,0
4857,0
4858,1
4859,0
4860,0
4861,0
4862,1
4863,1
4864,0
4865,1
4866,0
4867,0
4868,1
4869,0
4870,0
4871,0
4872,0
4873,0
4874,0
4875,0
4876,0
4877,0
4878,0
4879,0
4880,1
4881,0
4882,1
4883,0
4884,0
4885,0
4886,0
4887,0
4888,0
4889,1
4890,1
4891,0
4892,1
4893,0
4894,0
4895,0
4896,0
4897,0
4898,0
4899,1
4900,0
4901,0
4902,0
4903,1
4904,0
4905,0
4906,1
4907,1
4908,0
4909,1
4910,0
4911,0
4912,0
4913,1
4914,0
4915,0
4916,0
4917,1
4918,0
4919,0
4920,0
4921,0
4922,0
4923,0
4924,0
4925,0
4926,0
4927,1
4928,0
4929,0
4930,0
4931,0
4932,0
4933,0
4934,1
4935,0
4936,0
4937,1
4938,0
4939,0
4940,0
4941,0
4942,1
4943,0
4944,0
4945,1
4946,0
4947,0
4948,1
4949,1
4950,0
4951,0
4952,0
4953,0
4954,0
4955,0
4956,0
4957,1
4958,0
4959,0
4960,0
4961,1
4962,0
4963,1
4964,0
4965,0
4966,1
4967,0
4968,0
4969,1
4970,0
4971,0
4972,1
4973,0
4974,1
4975,0
4976,0
4977,1
4978,0
4979,1
4980,1
4981,1
4982,1
4983,1
4984,1
4985,0
4986,0
4987,0
4988,0
4989,0
4990,1
4991,1
4992,0
4993,0
4994,1
4995,1
4996,1
4997,0
4998,0
4999,0
5000,0
5001,1
5002,0
5003,1
5004,0
5005,1
5006,0
5007,0
5008,0
5009,0
5010,0
5011,0
5012,0
5013,0
5014,1
5015,0
5016,0
5017,0
5018,0
5019,0
5020,1
5021,1
5022,0
5023,0
5024,0
5025,1
5026,1
5027,0
5028,1
5029,0
5030,0
5031,0
5032,0
5033,0
5034,0
5035,1
5036,0
5037,0
5038,0
5039,0
5040,0
5041,0
5042,0
5043,0
5044,0
5045,0
5046,0
5047,0
5048,0
5049,0
5050,0
5051,0
5052,0
5053,1
5054,0
5055,0
5056,0
5057,1
5058,0
5059,0
5060,0
5061,0
5062,0
5063,0
5064,1
5065,0
5066,0
5067,1
5068,1
5069,0
5070,0
5071,1
5072,1
5073,0
5074,0
5075,0
5076,0
5077,0
5078,1
5079,0
5080,0
5081,0
5082,1
5083,0
5084,0
5085,0
5086,0
5087,1
5088,1
5089,1
5090,1
5091,1
5092,1
5093,1
5094,0
5095,0
5096,0
5097,1
5098,0
5099,1
5100,0
5101,0
5102,1
5103,0
5104,0
5105,0
5106,0
5107,1
5108,1
5109,0
5110,0
5111,0
5112,1
5113,0
5114,0
5115,0
5116,1
5117,0
5118,0
5119,0
5120,0
5121,1
5122,0
5123,1
5124,0
5125,1
5126,1
5127,0
5128,0
5129,0
5130,0
5131,1
5132,0
5133,0
5134,0
5135,0
5136,0
5137,0
5138,0
5139,0
5140,0
5141,0
5142,0
5143,0
5144,0
5145,0
5146,0
5147,1
5148,1
5149,1
5150,0
5151,0
5152,0
5153,0
5154,0
5155,0
5156,0
5157,0
5158,0
5159,0
5160,1
5161,0
5162,0
5163,0
5164,0
5165,0
5166,0
5167,0
5168,0
5169,0
5170,0
5171,1
5172,1
5173,0
5174,0
5175,1
5176,1
5177,0
5178,1
5179,0
5180,0
5181,0
5182,0
5183,1
5184,1
5185,1
5186,1
5187,1
5188,0
5189,0
5190,0
5191,0
5192,0
5193,0
5194,0
5195,0
5196,0
5197,1
5198,0
5199,0
5200,1
5201,1
5202,1
5203,0
5204,1
5205,0
5206,1
5207,0
5208,0
5209,1
5210,1
5211,0
5212,1
5213,0
5214,0
5215,0
5216,1
5217,0
5218,0
5219,0
5220,1
5221,0
5222,0
5223,0
5224,0
5225,0
5226,0
5227,0
5228,0
5229,1
5230,0
5231,0
5232,1
5233,1
5234,0
5235,1
5236,0
5237,0
5238,1
5239,0
5240,1
5241,0
5242,0
5243,0
5244,0
5245,0
5246,0
5247,1
5248,0
5249,0
5250,0
5251,0
5252,0
5253,0
5254,0
5255,0
5256,0
5257,0
5258,1
5259,0
5260,0
5261,1
5262,0
5263,0
5264,1
5265,0
5266,0
5267,0
5268,0
5269,0
5270,1
5271,0
5272,0
5273,0
5274,1
5275,1
5276,0
5277,0
5278,0
5279,0
5280,0
5281,1
5282,0
5283,0
5284,1
5285,0
5286,1
5287,0
5288,0
5289,0
5290,0
5291,0
5292,0
5293,0
5294,0
5295,1
5296,1
5297,1
5298,0
5299,0
5300,1
5301,1
5302,0
5303,1
5304,0
5305,0
5306,0
5307,0
5308,0
5309,1
5310,0
5311,0
5312,0
5313,0
5314,0
5315,0
5316,0
5317,0
5318,0
5319,0
5320,0
5321,0
5322,1
5323,0
5324,0
5325,0
5326,0
5327,0
5328,0
5329,0
5330,0
5331,0
5332,0
5333,0
5334,0
5335,0
5336,1
5337,1
5338,0
5339,0
5340,1
5341,1
5342,1
5343,1
5344,1
5345,0
5346,0
5347,0
5348,0
5349,1
5350,0
5351,0
5352,0
5353,1
5354,0
5355,1
5356,1
5357,0
5358,1
5359,1
5360,1
5361,1
5362,0
5363,0
5364,1
5365,0
5366,0
5367,0
5368,0
5369,1
5370,0
5371,1
5372,0
5373,0
5374,0
5375,0
5376,1
5377,1
5378,0
5379,1
5380,0
5381,1
5382,1
5383,0
5384,0
5385,0
5386,0
5387,0
5388,1
5389,0
5390,1
5391,0
5392,0
5393,0
5394,0
5395,0
5396,1
5397,1
5398,0
5399,0
5400,1
5401,0
5402,0
5403,0
5404,0
5405,1
5406,0
5407,1
5408,1
5409,0
5410,0
5411,0
5412,0
5413,0
5414,0
5415,0
5416,0
5417,0
5418,0
5419,0
5420,0
5421,1
5422,0
5423,0
5424,1
5425,1
5426,0
5427,1
5428,0
5429,0
5430,0
5431,0
5432,0
5433,0
5434,0
5435,0
5436,0
5437,0
5438,0
5439,0
5440,1
5441,1
5442,0
5443,0
5444,1
5445,0
5446,0
5447,0
5448,1
5449,0
5450,1
5451,0
5452,0
5453,0
5454,0
5455,0
5456,0
5457,0
5458,0
5459,0
5460,1
5461,1
5462,1
5463,0
5464,0
5465,1
5466,0
5467,0
5468,0
5469,0
5470,0
5471,0
5472,0
5473,1
5474,0
5475,0
5476,0
5477,1
5478,1
5479,1
5480,0
5481,0
5482,1
5483,0
5484,1
5485,0
5486,0
5487,0
5488,0
5489,0
5490,0
5491,1
5492,0
5493,1
5494,0
5495,0
5496,0
5497,1
5498,0
5499,0
5500,1
5501,0
5502,0
5503,0
5504,1
5505,1
5506,0
5507,0
5508,0
5509,0
5510,0
5511,0
5512,0
5513,0
5514,0
5515,0
5516,0
5517,0
5518,1
5519,1
5520,1
5521,0
5522,1
5523,0
5524,1
5525,1
5526,0
5527,0
5528,0
5529,1
5530,0
5531,0
5532,0
5533,0
5534,0
5535,0
5536,1
5537,0
5538,0
5539,0
5540,0
5541,0
5542,1
5543,0
5544,0
5545,0
5546,0
5547,0
5548,1
5549,0
5550,0
5551,0
5552,1
5553,0
5554,0
5555,1
5556,1
5557,1
5558,0
5559,0
5560,0
5561,0
5562,0
5563,0
5564,0
5565,0
5566,0
5567,0
5568,1
5569,0
5570,0
5571,1
5572,1
5573,0
5574,0
5575,0
5576,0
5577,0
5578,0
5579,0
5580,1
5581,0
5582,0
5583,1
5584,0
5585,0
5586,0
5587,1
5588,0
5589,0
5590,0
5591,0
5592,1
5593,1
5594,0
5595,1
5596,1
5597,1
5598,0
5599,1
5600,0
5601,0
5602,0
5603,1
5604,0
5605,0
5606,1
5607,0
5608,0
5609,0
5610,0
5611,1
5612,0
5613,0
5614,0
5615,1
5616,0
5617,0
5618,0
5619,0
5620,1
5621,1
5622,1
5623,0
5624,0
5625,0
5626,1
5627,0
5628,0
5629,0
5630,1
5631,0
5632,0
5633,1
5634,1
5635,1
5636,1
5637,1
5638,0
5639,1
5640,0
5641,0
5642,1
5643,1
5644,1
5645,0
5646,0
5647,0
5648,0
5649,1
5650,0
5651,0
5652,0
5653,0
5654,0
5655,0
5656,0
5657,0
5658,0
5659,0
5660,0
5661,0
5662,0
5663,0
5664,1
5665,0
5666,1
5667,0
5668,0
5669,1
5670,1
5671,1
5672,0
5673,0
5674,0
5675,1
5676,0
5677,0
5678,0
5679,0
5680,0
5681,0
5682,1
5683,0
5684,0
5685,1
5686,1
5687,0
5688,0
5689,1
5690,0
5691,1
5692,1
5693,0
5694,1
5695,0
5696,0
5697,0
5698,1
5699,1
5700,1
5701,0
5702,1
5703,1
5704,1
5705,0
5706,1
5707,0
5708,0
5709,0
5710,0
5711,0
5712,1
5713,1
5714,0
5715,0
5716,0
5717,0
5718,0
5719,1
5720,1
5721,1
5722,1
5723,0
5724,0
5725,0
5726,1
5727,1
5728,1
5729,0
5730,0
5731,0
5732,0
5733,0
5734,0
5735,0
5736,0
5737,1
5738,1
5739,0
5740,1
5741,0
5742,0
5743,1
5744,1
5745,0
5746,1
5747,1
5748,1
5749,1
5750,0
5751,1
5752,0
5753,0
5754,0
5755,1
5756,0
5757,0
5758,1
5759,1
5760,1
5761,0
5762,0
5763,1
5764,1
5765,0
5766,0
5767,1
5768,1
5769,0
5770,0
5771,1
5772,1
5773,0
5774,1
5775,0
5776,0
5777,0
5778,0
5779,1
5780,0
5781,0
5782,0
5783,0
5784,0
5785,0
5786,0
5787,0
5788,0
5789,0
5790,1
5791,0
5792,0
5793,0
5794,0
5795,1
5796,0
5797,0
5798,0
5799,0
5800,0
5801,1
5802,1
5803,1
5804,1
5805,0
5806,0
5807,0
5808,1
5809,0
5810,0
5811,1
5812,0
5813,0
5814,0
5815,0
5816,0
5817,0
5818,1
5819,0
5820,0
5821,0
5822,0
5823,0
5824,0
5825,1
5826,1
5827,0
5828,1
5829,0
5830,1
5831,0
5832,0
5833,1
5834,1
5835,0
5836,0
5837,1
5838,1
5839,0
5840,0
5841,1
5842,1
5843,0
5844,0
5845,0
5846,1
5847,1
5848,0
5849,0
5850,0
5851,1
5852,0
5853,0
5854,0
5855,0
5856,1
5857,1
5858,1
5859,1
5860,0
5861,0
5862,0
5863,1
5864,1
5865,1
5866,0
5867,1
5868,0
5869,1
5870,0
5871,0
5872,0
5873,0
5874,0
5875,0
5876,0
5877,1
5878,0
5879,1
5880,1
5881,0
5882,1
5883,1
5884,0
5885,0
5886,0
5887,1
5888,1
5889,1
5890,0
5891,0
5892,1
5893,0
5894,0
5895,0
5896,1
5897,1
5898,1
5899,0
5900,0
5901,1
5902,0
5903,1
5904,0
5905,1
5906,1
5907,0
5908,0
5909,1
5910,1
5911,0
5912,0
5913,0
5914,0
5915,1
5916,1
5917,0
5918,0
5919,0
5920,1
5921,0
5922,0
5923,0
5924,1
5925,0
5926,0
5927,1
5928,0
5929,0
5930,1
5931,0
5932,0
5933,1
5934,0
5935,1
5936,0
5937,0
5938,0
5939,0
5940,1
5941,1
5942,1
5943,0
5944,1
5945,0
5946,1
5947,1
5948,1
5949,0
5950,1
5951,0
5952,0
5953,0
5954,1
5955,0
5956,0
5957,0
5958,0
5959,1
5960,0
5961,0
5962,0
5963,0
5964,0
5965,1
5966,0
5967,0
5968,0
5969,1
5970,0
5971,0
5972,0
5973,0
5974,0
5975,1
5976,1
5977,1
5978,0
5979,1
5980,0
5981,0
5982,0
5983,0
5984,1
5985,0
5986,0
5987,0
5988,0
5989,0
5990,1
5991,0
5992,0
5993,0
5994,0
5995,0
5996,0
5997,1
5998,1
5999,0
6000,1
6001,0
6002,1
6003,0
6004,0
6005,1
6006,0
6007,0
6008,0
6009,1
6010,0
6011,1
6012,0
6013,1
6014,0
6015,1
6016,0
6017,0
6018,0
6019,1
6020,0
6021,0
6022,0
6023,0
6024,0
6025,0
6026,0
6027,0
6028,0
6029,1
6030,0
6031,0
6032,0
6033,0
6034,0
6035,0
6036,0
6037,0
6038,1
6039,0
6040,0
6041,0
6042,0
6043,0
6044,0
6045,0
6046,0
6047,0
6048,0
6049,0
6050,0
6051,1
6052,0
6053,0
6054,1
6055,1
6056,1
6057,0
6058,1
6059,0
6060,0
6061,1
6062,1
6063,1
6064,0
6065,1
6066,0
6067,0
6068,0
6069,0
6070,0
6071,0
6072,0
6073,1
6074,0
6075,0
6076,0
6077,0
6078,0
6079,1
6080,1
6081,0
6082,0
6083,0
6084,0
6085,0
6086,1
6087,0
6088,0
6089,1
6090,0
6091,0
6092,0
6093,0
6094,0
6095,0
6096,0
6097,0
6098,1
6099,0
6100,0
6101,0
6102,0
6103,1
6104,0
6105,0
6106,0
6107,0
6108,0
6109,0
6110,0
6111,1
6112,1
6113,1
6114,0
6115,0
6116,0
6117,1
6118,1
6119,0
6120,0
6121,1
6122,0
6123,0
6124,0
6125,0
6126,0
6127,1
6128,1
6129,1
6130,0
6131,0
6132,0
6133,0
6134,1
6135,0
6136,0
6137,0
6138,0
6139,0
6140,0
6141,1
6142,0
6143,0
6144,1
6145,1
6146,0
6147,0
6148,0
6149,0
6150,0
6151,0
6152,1
6153,0
6154,0
6155,0
6156,1
6157,1
6158,1
6159,1
6160,1
6161,1
6162,0
6163,1
6164,1
6165,1
6166,0
6167,0
6168,0
6169,0
6170,1
6171,0
6172,0
6173,0
6174,1
6175,0
6176,0
6177,0
6178,0
6179,0
6180,0
6181,1
6182,0
6183,0
6184,0
6185,1
6186,1
6187,0
6188,0
6189,0
6190,0
6191,0
6192,0
6193,1
6194,0
6195,1
6196,0
6197,1
6198,0
6199,0
6200,0
6201,1
6202,0
6203,0
6204,0
6205,0
6206,1
6207,0
6208,0
6209,0
6210,1
6211,0
6212,0
6213,0
6214,0
6215,0
6216,0
6217,1
6218,1
6219,0
6220,0
6221,0
6222,1
6223,1
6224,0
6225,1
6226,0
6227,0
6228,0
6229,0
6230,0
6231,0
6232,0
6233,0
6234,0
6235,0
6236,0
6237,0
6238,0
6239,0
6240,1
6241,0
6242,0
6243,0
6244,1
6245,0
6246,1
6247,1
6248,0
6249,1
6250,0
6251,1
6252,0
6253,1
6254,0
6255,0
6256,1
6257,0
6258,0
6259,1
6260,1
6261,1
6262,1
6263,0
6264,0
6265,1
6266,1
6267,0
6268,0
6269,0
6270,1
6271,1
6272,0
6273,0
6274,1
6275,0
6276,0
6277,0
6278,1
6279,0
6280,1
6281,0
6282,1
6283,1
6284,1
6285,0
6286,0
6287,1
6288,0
6289,0
6290,1
6291,0
6292,0
6293,1
6294,1
6295,0
6296,1
6297,0
6298,1
6299,0
6300,0
6301,0
6302,0
6303,1
6304,1
6305,0
6306,0
6307,1
6308,1
6309,1
6310,1
6311,1
6312,1
6313,0
6314,1
6315,1
6316,0
6317,1
6318,1
6319,1
6320,1
6321,1
6322,0
6323,0
6324,0
6325,0
6326,0
6327,0
6328,0
6329,1
6330,1
6331,0
6332,1
6333,1
6334,1
6335,0
6336,0
6337,1
6338,1
6339,0
6340,1
6341,0
6342,0
6343,0
6344,0
6345,1
6346,0
6347,0
6348,0
6349,1
6350,1
6351,0
6352,1
6353,1
6354,1
6355,0
6356,0
6357,0
6358,0
6359,0
6360,0
6361,0
6362,0
6363,1
6364,1
6365,0
6366,0
6367,1
6368,0
6369,1
6370,1
6371,0
6372,1
6373,1
6374,0
6375,1
6376,1
6377,1
6378,1
6379,0
6380,0
6381,1
6382,0
6383,0
6384,0
6385,1
6386,0
6387,0
6388,0
6389,0
6390,0
6391,1
6392,0
6393,0
6394,1
6395,0
6396,1
6397,0
6398,1
6399,0
6400,0
6401,0
6402,0
6403,0
6404,0
6405,0
6406,1
6407,1
6408,0
6409,0
6410,0
6411,0
6412,0
6413,0
6414,1
6415,1
6416,0
6417,0
6418,1
6419,0
6420,1
6421,1
6422,0
6423,0
6424,1
6425,1
6426,1
6427,0
6428,1
6429,0
6430,0
6431,0
6432,1
6433,1
6434,0
6435,1
6436,0
6437,0
6438,0
6439,0
6440,1
6441,1
6442,1
6443,0
6444,0
6445,0
6446,0
6447,1
6448,0
6449,0
6450,1
6451,0
6452,1
6453,0
6454,1
6455,1
6456,0
6457,0
6458,1
6459,0
6460,0
6461,0
6462,1
6463,1
6464,1
6465,0
6466,1
6467,0
6468,0
6469,0
6470,0
6471,0
6472,0
6473,1
6474,0
6475,0
6476,0
6477,0
6478,0
6479,0
6480,0
6481,0
6482,0
6483,0
6484,0
6485,0
6486,1
6487,1
6488,1
6489,0
6490,0
6491,0
6492,0
6493,0
6494,1
6495,1
6496,0
6497,1
6498,0
6499,0
6500,0
6501,0
6502,1
6503,0
6504,0
6505,1
6506,0
6507,1
6508,0
6509,0
6510,0
6511,1
6512,0
6513,1
6514,0
6515,0
6516,0
6517,0
6518,1
6519,0
6520,0
6521,0
6522,0
6523,0
6524,0
6525,0
6526,1
6527,0
6528,0
6529,1
6530,0
6531,0
6532,0
6533,0
6534,0
6535,0
6536,1
6537,1
6538,1
6539,1
6540,0
6541,1
6542,0
6543,0
6544,1
6545,1
6546,1
6547,1
6548,0
6549,0
6550,1
6551,0
6552,0
6553,1
6554,1
6555,0
6556,1
6557,0
6558,1
6559,0
6560,0
6561,1
6562,0
6563,0
6564,0
6565,1
6566,0
6567,0
6568,1
6569,0
6570,1
6571,0
6572,0
6573,0
6574,0
6575,0
6576,0
6577,1
6578,1
6579,0
6580,0
6581,1
6582,0
6583,0
6584,0
6585,0
6586,0
6587,1
6588,0
6589,0
6590,0
6591,0
6592,1
6593,0
6594,0
6595,0
6596,1
6597,0
6598,0
6599,0
6600,1
6601,0
6602,0
6603,0
6604,1
6605,0
6606,0
6607,0
6608,0
6609,1
6610,0
6611,0
6612,1
6613,0
6614,0
6615,0
6616,0
6617,0
6618,0
6619,1
6620,1
6621,0
6622,0
6623,1
6624,0
6625,0
6626,0
6627,0
6628,0
6629,1
6630,0
6631,1
6632,0
6633,0
6634,0
6635,0
6636,0
6637,0
6638,0
6639,0
6640,0
6641,1
6642,0
6643,0
6644,1
6645,0
6646,0
6647,0
6648,0
6649,1
6650,0
6651,0
6652,0
6653,0
6654,0
6655,0
6656,0
6657,0
6658,1
6659,0
6660,0
6661,0
6662,0
6663,0
6664,1
6665,0
6666,0
6667,0
6668,0
6669,0
6670,1
6671,1
6672,0
6673,0
6674,0
6675,0
6676,0
6677,0
6678,0
6679,1
6680,1
6681,0
6682,1
6683,0
6684,0
6685,1
6686,0
6687,0
6688,0
6689,1
6690,0
6691,0
6692,0
6693,0
6694,0
6695,0
6696,0
6697,0
6698,0
6699,0
6700,0
6701,0
6702,0
6703,0
6704,1
6705,0
6706,0
6707,1
6708,1
6709,0
6710,1
6711,1
6712,0
6713,0
6714,0
6715,0
6716,0
6717,0
6718,0
6719,1
6720,0
6721,1
6722,1
6723,0
6724,0
6725,1
6726,1
6727,0
6728,1
6729,0
6730,0
6731,0
6732,1
6733,0
6734,0
6735,0
6736,0
6737,0
6738,0
6739,0
6740,0
6741,0
6742,0
6743,0
6744,0
6745,0
6746,0
6747,0
6748,0
6749,0
6750,0
6751,0
6752,0
6753,0
6754,0
6755,1
6756,0
6757,0
6758,1
6759,0
6760,0
6761,0
6762,0
6763,1
6764,0
6765,0
6766,0
6767,1
6768,0
6769,1
6770,1
6771,1
6772,0
6773,1
6774,0
6775,0
6776,0
6777,0
6778,1
6779,1
6780,0
6781,0
6782,0
6783,1
6784,0
6785,0
6786,1
6787,0
6788,0
6789,0
6790,1
6791,1
6792,0
6793,0
6794,1
6795,0
6796,0
6797,0
6798,1
6799,0
6800,0
6801,0
6802,0
6803,0
6804,0
6805,0
6806,0
6807,0
6808,0
6809,1
6810,0
6811,0
6812,0
6813,0
6814,1
6815,0
6816,1
6817,0
6818,1
6819,1
6820,0
6821,1
6822,1
6823,0
6824,1
6825,0
6826,0
6827,0
6828,0
6829,1
6830,0
6831,0
6832,0
6833,0
6834,0
6835,0
6836,0
6837,1
6838,0
6839,0
6840,0
6841,1
6842,0
6843,0
6844,1
6845,0
6846,0
6847,0
6848,0
6849,1
6850,1
6851,0
6852,1
6853,1
6854,0
6855,0
6856,0
6857,1
6858,0
6859,0
6860,0
6861,1
6862,1
6863,1
6864,1
6865,0
6866,0
6867,1
6868,0
6869,0
6870,0
6871,0
6872,0
6873,1
6874,1
6875,1
6876,0
6877,1
6878,0
6879,1
6880,0
6881,0
6882,1
6883,0
6884,1
6885,1
6886,0
6887,0
6888,0
6889,0
6890,0
6891,1
6892,0
6893,1
6894,1
6895,1
6896,0
6897,1
6898,1
6899,0
6900,0
6901,0
6902,1
6903,1
6904,0
6905,1
6906,0
6907,0
6908,0
6909,1
6910,0
6911,1
6912,1
6913,1
6914,1
6915,1
6916,1
6917,0
6918,0
6919,0
6920,0
6921,1
6922,1
6923,0
6924,0
6925,1
6926,0
6927,0
6928,0
6929,0
6930,1
6931,1
6932,0
6933,0
6934,0
6935,1
6936,0
6937,1
6938,0
6939,0
6940,1
6941,1
6942,1
6943,0
6944,0
6945,0
6946,0
6947,0
6948,0
6949,1
6950,0
6951,0
6952,1
6953,0
6954,0
6955,1
6956,0
6957,1
6958,1
6959,0
6960,0
6961,0
6962,0
6963,0
6964,0
6965,0
6966,1
6967,0
6968,0
6969,1
6970,0
6971,1
6972,0
6973,1
6974,0
6975,1
6976,0
6977,1
6978,0
6979,0
6980,0
6981,0
6982,0
6983,0
6984,1
6985,1
6986,0
6987,0
6988,0
6989,0
6990,0
6991,1
6992,0
6993,0
6994,0
6995,0
6996,1
6997,0
6998,0
6999,1
7000,0
7001,0
7002,0
7003,0
7004,1
7005,0
7006,0
7007,1
7008,0
7009,0
7010,1
7011,0
7012,1
7013,0
7014,0
7015,1
7016,0
7017,0
7018,0
7019,1
7020,1
7021,0
7022,1
7023,1
7024,1
7025,1
7026,0
7027,1
7028,0
7029,0
7030,0
7031,0
7032,1
7033,0
7034,0
7035,0
7036,0
7037,0
7038,1
7039,0
7040,0
7041,1
7042,1
7043,0
7044,0
7045,0
7046,0
7047,0
7048,1
7049,1
7050,1
7051,1
7052,1
7053,0
7054,1
7055,0
7056,0
7057,0
7058,0
7059,1
7060,0
7061,0
7062,1
7063,0
7064,0
7065,0
7066,0
7067,1
7068,1
7069,0
7070,0
7071,0
7072,0
7073,0
7074,0
7075,0
7076,0
7077,0
7078,0
7079,0
7080,1
7081,0
7082,0
7083,1
7084,1
7085,0
7086,0
7087,0
7088,0
7089,0
7090,1
7091,0
7092,1
7093,0
7094,1
7095,0
7096,0
7097,0
7098,0
7099,0
7100,0
7101,0
7102,0
7103,0
7104,0
7105,0
7106,0
7107,1
7108,0
7109,0
7110,0
7111,1
7112,1
7113,0
7114,0
7115,0
7116,0
7117,1
7118,1
7119,0
7120,0
7121,0
7122,0
7123,0
7124,1
7125,0
7126,1
7127,0
7128,0
7129,0
7130,1
7131,0
7132,1
7133,1
7134,0
7135,0
7136,1
7137,1
7138,0
7139,0
7140,0
7141,0
7142,0
7143,0
7144,0
7145,1
7146,1
7147,0
7148,0
7149,0
7150,1
7151,0
7152,1
7153,0
7154,1
7155,0
7156,0
7157,0
7158,1
7159,1
7160,0
7161,0
7162,0
7163,1
7164,0
7165,0
7166,1
7167,0
7168,1
7169,1
7170,0
7171,0
7172,0
7173,1
7174,0
7175,0
7176,1
7177,0
7178,1
7179,0
7180,1
7181,1
7182,1
7183,1
7184,0
7185,1
7186,0
7187,0
7188,1
7189,0
7190,0
7191,0
7192,0
7193,0
7194,1
7195,0
7196,0
7197,0
7198,1
7199,0
7200,1
7201,0
7202,0
7203,1
7204,0
7205,1
7206,0
7207,0
7208,0
7209,0
7210,1
7211,0
7212,0
7213,0
7214,0
7215,1
7216,1
7217,1
7218,0
7219,0
7220,0
7221,0
7222,0
7223,0
7224,0
7225,0
7226,0
7227,0
7228,0
7229,0
7230,0
7231,0
7232,0
7233,0
7234,0
7235,0
7236,0
7237,0
7238,1
7239,0
7240,1
7241,0
7242,0
7243,0
7244,0
7245,0
7246,0
7247,0
7248,0
7249,0
7250,1
7251,0
7252,1
7253,0
7254,0
7255,0
7256,0
7257,0
7258,0
7259,0
7260,0
7261,0
7262,0
7263,0
7264,1
7265,1
7266,1
7267,1
7268,0
7269,0
7270,0
7271,1
7272,0
7273,0
7274,1
7275,0
7276,0
7277,1
7278,0
7279,0
7280,0
7281,1
7282,1
7283,1
7284,1
7285,0
7286,0
7287,1
7288,0
7289,0
7290,0
7291,0
7292,1
7293,0
7294,0
7295,1
7296,0
7297,1
7298,0
7299,1
7300,0
7301,0
7302,0
7303,0
7304,0
7305,1
7306,1
7307,0
7308,0
7309,0
7310,0
7311,1
7312,0
7313,0
7314,0
7315,1
7316,0
7317,0
7318,0
7319,0
7320,0
7321,1
7322,0
7323,0
7324,0
7325,0
7326,0
7327,1
7328,0
7329,0
7330,0
7331,0
7332,0
7333,0
7334,0
7335,1
7336,0
7337,1
7338,0
7339,1
7340,1
7341,1
7342,0
7343,1
7344,1
7345,0
7346,0
7347,1
7348,0
7349,0
7350,1
7351,0
7352,0
7353,0
7354,0
7355,0
7356,0
7357,1
7358,1
7359,0
7360,0
7361,1
7362,0
7363,1
7364,1
7365,0
7366,1
7367,0
7368,1
7369,0
7370,0
7371,0
7372,1
7373,0
7374,0
7375,0
7376,0
7377,0
7378,0
7379,0
7380,0
7381,0
7382,0
7383,0
7384,0
7385,1
7386,0
7387,1
7388,0
7389,0
7390,0
7391,1
7392,0
7393,0
7394,0
7395,0
7396,0
7397,0
7398,0
7399,0
7400,0
7401,0
7402,0
7403,0
7404,1
7405,0
7406,0
7407,0
7408,0
7409,0
7410,0
7411,0
7412,0
7413,0
7414,1
7415,0
7416,0
7417,1
7418,1
7419,0
7420,0
7421,1
7422,0
7423,1
7424,0
7425,0
7426,0
7427,0
7428,0
7429,0
7430,0
7431,0
7432,0
7433,0
7434,1
7435,0
7436,1
7437,1
7438,0
7439,0
7440,1
7441,0
7442,0
7443,0
7444,0
7445,0
7446,0
7447,1
7448,1
7449,0
7450,0
7451,1
7452,1
7453,0
7454,1
7455,0
7456,0
7457,0
7458,0
7459,0
7460,0
7461,0
7462,0
7463,0
7464,1
7465,0
7466,1
7467,0
7468,1
7469,0
7470,1
7471,0
7472,0
7473,0
7474,0
7475,1
7476,0
7477,1
7478,1
7479,1
7480,1
7481,0
7482,0
7483,1
7484,1
7485,1
7486,0
7487,0
7488,1
7489,1
7490,0
7491,0
7492,0
7493,0
7494,1
7495,1
7496,1
7497,0
7498,0
7499,1
7500,0
7501,0
7502,1
7503,0
7504,0
7505,1
7506,0
7507,0
7508,0
7509,0
7510,1
7511,0
7512,1
7513,0
7514,1
7515,0
7516,0
7517,0
7518,1
7519,0
7520,0
7521,1
7522,0
7523,1
7524,0
7525,1
7526,0
7527,0
7528,0
7529,1
7530,1
7531,0
7532,0
7533,0
7534,0
7535,0
7536,0
7537,0
7538,0
7539,1
7540,0
7541,0
7542,1
7543,0
7544,1
7545,0
7546,1
7547,1
7548,0
7549,0
7550,0
7551,0
7552,0
7553,1
7554,1
7555,0
7556,0
7557,1
7558,1
7559,0
7560,0
7561,1
7562,0
7563,0
7564,1
7565,1
7566,1
7567,0
7568,0
7569,1
7570,0
7571,1
7572,1
7573,1
7574,0
7575,0
7576,0
7577,1
7578,0
7579,1
7580,0
7581,0
7582,0
7583,1
7584,1
7585,1
7586,0
7587,1
7588,0
7589,0
7590,0
7591,0
7592,0
7593,1
7594,1
7595,0
7596,0
7597,0
7598,0
7599,1
7600,0
7601,0
7602,0
7603,0
7604,1
7605,0
7606,0
7607,1
7608,0
7609,1
7610,0
7611,1
7612,1
7613,0
7614,0
7615,0
7616,0
7617,0
7618,0
7619,0
7620,0
7621,0
7622,1
7623,0
7624,1
7625,0
7626,1
7627,0
7628,0
7629,1
7630,0
7631,1
7632,1
7633,1
7634,0
7635,1
7636,1
7637,0
7638,0
7639,1
7640,1
7641,0
7642,0
7643,0
7644,1
7645,0
7646,0
7647,0
7648,0
7649,0
7650,0
7651,0
7652,0
7653,0
7654,0
7655,1
7656,0
7657,0
7658,0
7659,0
7660,0
7661,1
7662,0
7663,1
7664,0
7665,0
7666,0
7667,0
7668,0
7669,1
7670,1
7671,0
7672,1
7673,1
7674,1
7675,1
7676,0
7677,1
7678,0
7679,1
7680,0
7681,1
7682,0
7683,0
7684,0
7685,0
7686,0
7687,1
7688,0
7689,1
7690,0
7691,0
7692,1
7693,0
7694,1
7695,1
7696,1
7697,1
7698,1
7699,0
7700,0
7701,0
7702,0
7703,0
7704,0
7705,0
7706,0
7707,1
7708,0
7709,0
7710,1
7711,1
7712,0
7713,1
7714,1
7715,0
7716,0
7717,0
7718,1
7719,0
7720,0
7721,0
7722,1
7723,1
7724,1
7725,0
7726,0
7727,0
7728,0
7729,0
7730,0
7731,0
7732,0
7733,1
7734,0
7735,0
7736,0
7737,1
7738,0
7739,0
7740,1
7741,1
7742,0
7743,1
7744,0
7745,0
7746,1
7747,1
7748,0
7749,0
7750,0
7751,0
7752,0
7753,0
7754,1
7755,1
7756,1
7757,0
7758,0
7759,0
7760,0
7761,0
7762,1
7763,1
7764,0
7765,0
7766,0
7767,1
7768,1
7769,1
7770,1
7771,0
7772,1
7773,0
7774,0
7775,1
7776,0
7777,0
7778,1
7779,1
7780,1
7781,1
7782,0
7783,0
7784,1
7785,0
7786,0
7787,0
7788,0
7789,1
7790,1
7791,1
7792,1
7793,0
7794,1
7795,0
7796,0
7797,1
7798,1
7799,0
7800,0
7801,0
7802,0
7803,0
7804,0
7805,1
7806,0
7807,0
7808,0
7809,0
7810,1
7811,0
7812,0
7813,0
7814,1
7815,0
7816,1
7817,1
7818,0
7819,1
7820,1
7821,0
7822,0
7823,1
7824,1
7825,1
7826,0
7827,1
7828,0
7829,0
7830,0
7831,0
7832,0
7833,0
7834,1
7835,1
7836,0
7837,0
7838,1
7839,0
7840,0
7841,0
7842,1
7843,1
7844,0
7845,1
7846,0
7847,1
7848,1
7849,0
7850,1
7851,1
7852,0
7853,0
7854,0
7855,0
7856,0
7857,0
7858,1
7859,0
7860,1
7861,1
7862,0
7863,0
7864,0
7865,1
7866,0
7867,1
7868,0
7869,0
7870,1
7871,0
7872,0
7873,0
7874,1
7875,0
7876,0
7877,1
7878,0
7879,1
7880,0
7881,0
7882,0
7883,1
7884,0
7885,0
7886,1
7887,1
7888,0
7889,0
7890,1
7891,0
7892,0
7893,0
7894,1
7895,1
7896,1
7897,0
7898,0
7899,0
7900,0
7901,0
7902,0
7903,0
7904,0
7905,0
7906,1
7907,0
7908,0
7909,0
7910,0
7911,1
7912,0
7913,0
7914,1
7915,0
7916,0
7917,1
7918,0
7919,1
7920,0
7921,0
7922,0
7923,1
7924,1
7925,0
7926,0
7927,1
7928,0
7929,0
7930,1
7931,0
7932,0
7933,1
7934,0
7935,0
7936,0
7937,1
7938,1
7939,0
7940,0
7941,0
7942,1
7943,1
7944,0
7945,0
7946,0
7947,1
7948,0
7949,0
7950,1
7951,0
7952,0
7953,0
7954,0
7955,0
7956,1
7957,1
7958,0
7959,0
7960,1
7961,1
7962,1
7963,0
7964,0
7965,1
7966,0
7967,1
7968,1
7969,0
7970,0
7971,0
7972,0
7973,1
7974,0
7975,0
7976,1
7977,0
7978,1
7979,0
7980,0
7981,0
7982,1
7983,0
7984,0
7985,0
7986,1
7987,1
7988,1
7989,0
7990,0
7991,1
7992,1
7993,0
7994,0
7995,0
7996,1
7997,0
7998,0
7999,0
8000,0
8001,0
8002,1
8003,1
8004,0
8005,0
8006,0
8007,0
8008,1
8009,1
8010,0
8011,0
8012,0
8013,1
8014,0
8015,0
8016,1
8017,0
8018,1
8019,0
8020,1
8021,0
8022,1
8023,0
8024,0
8025,1
8026,1
8027,0
8028,0
8029,1
8030,0
8031,0
8032,0
8033,1
8034,0
8035,1
8036,1
8037,0
8038,0
8039,0
8040,1
8041,0
8042,0
8043,0
8044,1
8045,0
8046,1
8047,1
8048,0
8049,1
8050,1
8051,0
8052,0
8053,1
8054,0
8055,0
8056,0
8057,0
8058,1
8059,0
8060,0
8061,0
8062,0
8063,0
8064,1
8065,1
8066,0
8067,1
8068,0
8069,0
8070,1
8071,1
8072,1
8073,0
8074,0
8075,0
8076,0
8077,0
8078,1
8079,0
8080,0
8081,1
8082,0
8083,1
8084,0
8085,0
8086,0
8087,1
8088,0
8089,0
8090,0
8091,0
8092,0
8093,1
8094,0
8095,0
8096,1
8097,0
8098,0
8099,0
8100,1
8101,1
8102,0
8103,0
8104,0
8105,1
8106,1
8107,0
8108,0
8109,1
8110,0
8111,0
8112,0
8113,0
8114,1
8115,0
8116,1
8117,0
8118,0
8119,1
8120,0
8121,0
8122,1
8123,1
8124,1
8125,0
8126,0
8127,1
8128,0
8129,1
8130,0
8131,0
8132,1
8133,0
8134,1
8135,0
8136,0
8137,0
8138,0
8139,0
8140,1
8141,0
8142,1
8143,0
8144,0
8145,0
8146,0
8147,1
8148,0
8149,0
8150,1
8151,0
8152,1
8153,1
8154,0
8155,0
8156,0
8157,1
8158,0
8159,0
8160,1
8161,0
8162,0
8163,0
8164,1
8165,1
8166,1
8167,0
8168,1
8169,1
8170,1
8171,0
8172,1
8173,0
8174,1
8175,0
8176,0
8177,1
8178,0
8179,0
8180,0
8181,1
8182,0
8183,1
8184,0
8185,1
8186,1
8187,1
8188,1
8189,0
8190,0
8191,0
8192,0
8193,0
8194,0
8195,0
8196,0
8197,0
8198,0
8199,1
8200,0
8201,0
8202,0
8203,0
8204,0
8205,0
8206,0
8207,1
8208,1
8209,1
8210,1
8211,1
8212,0
8213,1
8214,0
8215,1
8216,0
8217,1
8218,0
8219,0
8220,0
8221,0
8222,0
8223,0
8224,0
8225,0
8226,0
8227,1
8228,0
8229,0
8230,0
8231,0
8232,0
8233,0
8234,0
8235,0
8236,1
8237,0
8238,1
8239,0
8240,1
8241,1
8242,0
8243,0
8244,0
8245,0
8246,0
8247,0
8248,0
8249,0
8250,0
8251,0
8252,0
8253,0
8254,1
8255,1
8256,0
8257,1
8258,1
8259,1
8260,1
8261,1
8262,0
8263,0
8264,0
8265,1
8266,0
8267,1
8268,0
8269,1
8270,1
8271,0
8272,0
8273,0
8274,1
8275,1
8276,0
8277,1
8278,0
8279,1
8280,0
8281,1
8282,0
8283,0
8284,0
8285,0
8286,0
8287,0
8288,0
8289,0
8290,0
8291,0
8292,1
8293,0
8294,0
8295,0
8296,0
8297,0
8298,0
8299,0
8300,1
8301,1
8302,0
8303,1
8304,0
8305,0
8306,1
8307,1
8308,0
8309,1
8310,0
8311,0
8312,1
8313,0
8314,1
8315,0
8316,0
8317,0
8318,0
8319,1
8320,0
8321,0
8322,1
8323,1
8324,0
8325,0
8326,0
8327,0
8328,0
8329,0
8330,1
8331,0
8332,0
8333,1
8334,0
8335,0
8336,0
8337,0
8338,0
8339,0
8340,1
8341,0
8342,0
8343,1
8344,0
8345,0
8346,0
8347,1
8348,0
8349,1
8350,0
8351,0
8352,1
8353,0
8354,0
8355,0
8356,0
8357,1
8358,0
8359,0
8360,1
8361,1
8362,0
8363,0
8364,0
8365,0
8366,0
8367,0
8368,0
8369,1
8370,1
8371,0
8372,0
8373,0
8374,0
8375,0
8376,0
8377,0
8378,1
8379,1
8380,0
8381,0
8382,0
8383,1
8384,0
8385,1
8386,0
8387,0
8388,0
8389,0
8390,0
8391,0
8392,0
8393,0
8394,0
8395,1
8396,0
8397,0
8398,0
8399,1
8400,0
8401,0
8402,0
8403,1
8404,0
8405,1
8406,0
8407,0
8408,0
8409,0
8410,1
8411,0
8412,0
8413,1
8414,0
8415,1
8416,0
8417,0
8418,0
8419,0
8420,0
8421,0
8422,1
8423,1
8424,0
8425,1
8426,0
8427,0
8428,0
8429,1
8430,0
8431,1
8432,0
8433,1
8434,0
8435,0
8436,0
8437,1
8438,0
8439,0
8440,0
8441,0
8442,0
8443,0
8444,0
8445,0
8446,1
8447,0
8448,1
8449,1
8450,0
8451,1
8452,0
8453,1
8454,0
8455,0
8456,0
8457,0
8458,0
8459,0
8460,1
8461,0
8462,0
8463,1
8464,0
8465,1
8466,1
8467,0
8468,1
8469,0
8470,0
8471,1
8472,0
8473,0
8474,0
8475,0
8476,1
8477,0
8478,0
8479,0
8480,0
8481,0
8482,0
8483,1
8484,0
8485,0
8486,0
8487,0
8488,0
8489,0
8490,1
8491,0
8492,0
8493,0
8494,1
8495,1
8496,0
8497,1
8498,0
8499,0
8500,0
8501,1
8502,0
8503,0
8504,0
8505,0
8506,0
8507,0
8508,0
8509,1
8510,0
8511,1
8512,0
8513,0
8514,0
8515,1
8516,0
8517,0
8518,1
8519,0
8520,0
8521,0
8522,0
8523,0
8524,0
8525,0
8526,0
8527,0
8528,0
8529,1
8530,1
8531,0
8532,1
8533,0
8534,0
8535,0
8536,0
8537,1
8538,1
8539,0
8540,1
8541,0
8542,0
8543,0
8544,0
8545,0
8546,0
8547,0
8548,1
8549,1
8550,1
8551,1
8552,0
8553,0
8554,0
8555,0
8556,1
8557,1
8558,1
8559,0
8560,0
8561,0
8562,0
8563,0
8564,0
8565,1
8566,1
8567,0
8568,1
8569,0
8570,1
8571,1
8572,0
8573,0
8574,1
8575,0
8576,0
8577,0
8578,0
8579,1
8580,0
8581,0
8582,0
8583,1
8584,0
8585,1
8586,1
8587,0
8588,1
8589,0
8590,0
8591,0
8592,0
8593,0
8594,0
8595,1
8596,1
8597,1
8598,1
8599,0
8600,0
8601,0
8602,0
8603,0
8604,0
8605,1
8606,0
8607,0
8608,1
8609,0
8610,1
8611,1
8612,0
8613,0
8614,1
8615,0
8616,0
8617,1
8618,1
8619,0
8620,1
8621,0
8622,0
8623,0
8624,0
8625,1
8626,0
8627,0
8628,0
8629,0
8630,0
8631,0
8632,0
8633,1
8634,1
8635,0
8636,1
8637,0
8638,0
8639,0
8640,0
8641,0
8642,0
8643,0
8644,1
8645,0
8646,0
8647,0
8648,1
8649,0
8650,0
8651,1
8652,0
8653,0
8654,0
8655,0
8656,0
8657,0
8658,1
8659,1
8660,0
8661,0
8662,1
8663,1
8664,0
8665,1
8666,1
8667,0
8668,0
8669,1
8670,1
8671,0
8672,0
8673,0
8674,1
8675,0
8676,0
8677,1
8678,0
8679,0
8680,1
8681,1
8682,0
8683,0
8684,0
8685,1
8686,0
8687,0
8688,1
8689,0
8690,0
8691,1
8692,0
8693,0
8694,0
8695,0
8696,1
8697,0
8698,0
8699,0
8700,0
8701,0
8702,0
8703,1
8704,0
8705,1
8706,1
8707,0
8708,0
8709,1
8710,0
8711,0
8712,0
8713,0
8714,0
8715,1
8716,1
8717,0
8718,1
8719,0
8720,0
8721,0
8722,1
8723,0
8724,1
8725,1
8726,0
8727,0
8728,1
8729,0
8730,0
8731,0
8732,0
8733,0
8734,1
8735,0
8736,0
8737,1
8738,0
8739,1
8740,1
8741,1
8742,1
8743,0
8744,1
8745,1
8746,0
8747,1
8748,0
8749,0
8750,0
8751,0
8752,1
8753,1
8754,1
8755,1
8756,1
8757,1
8758,1
8759,1
8760,0
8761,1
8762,0
8763,0
8764,0
8765,0
8766,1
8767,0
8768,0
8769,1
8770,1
8771,0
8772,0
8773,0
8774,0
8775,1
8776,0
8777,0
8778,0
8779,0
8780,0
8781,1
8782,1
8783,0
8784,0
8785,1
8786,1
8787,0
8788,0
8789,1
8790,1
8791,1
8792,0
8793,0
8794,0
8795,0
8796,1
8797,0
8798,0
8799,0
8800,1
8801,1
8802,0
8803,0
8804,0
8805,1
8806,0
8807,0
8808,0
8809,0
8810,1
8811,0
8812,0
8813,1
8814,0
8815,0
8816,0
8817,0
8818,0
8819,1
8820,0
8821,0
8822,1
8823,1
8824,1
8825,1
8826,0
8827,0
8828,0
8829,1
8830,1
8831,1
8832,1
8833,0
8834,0
8835,0
8836,0
8837,0
8838,0
8839,0
8840,0
8841,1
8842,0
8843,0
8844,1
8845,0
8846,0
8847,0
8848,1
8849,1
8850,0
8851,0
8852,0
8853,0
8854,0
8855,0
8856,0
8857,1
8858,0
8859,1
8860,1
8861,0
8862,0
8863,0
8864,0
8865,0
8866,0
8867,1
8868,0
8869,0
8870,0
8871,1
8872,1
8873,0
8874,0
8875,0
8876,0
8877,1
8878,1
8879,1
8880,0
8881,0
8882,1
8883,1
8884,0
8885,1
8886,0
8887,0
8888,0
8889,1
8890,0
8891,0
8892,0
8893,0
8894,0
8895,0
8896,0
8897,0
8898,0
8899,0
8900,0
8901,1
8902,0
8903,0
8904,0
8905,0
8906,0
8907,0
8908,0
8909,1
8910,0
8911,0
8912,0
8913,0
8914,0
8915,0
8916,0
8917,1
8918,1
8919,0
8920,1
8921,0
8922,0
8923,1
8924,1
8925,0
8926,0
8927,0
8928,1
8929,1
8930,1
8931,0
8932,1
8933,0
8934,0
8935,0
8936,1
8937,0
8938,0
8939,1
8940,0
8941,0
8942,0
8943,1
8944,1
8945,1
8946,0
8947,0
8948,0
8949,1
8950,1
8951,1
8952,0
8953,0
8954,1
8955,0
8956,0
8957,0
8958,0
8959,0
8960,0
8961,1
8962,1
8963,0
8964,1
8965,0
8966,0
8967,1
8968,0
8969,1
8970,1
8971,1
8972,0
8973,1
8974,0
8975,0
8976,0
8977,0
8978,0
8979,1
8980,0
8981,0
8982,0
8983,0
8984,1
8985,0
8986,1
8987,0
8988,0
8989,1
8990,1
8991,0
8992,0
8993,0
8994,0
8995,1
8996,0
8997,0
8998,0
8999,1
9000,0
9001,0
9002,0
9003,0
9004,0
9005,0
9006,0
9007,1
9008,0
9009,0
9010,1
9011,1
9012,0
9013,0
9014,0
9015,0
9016,1
9017,0
9018,0
9019,0
9020,0
9021,0
9022,1
9023,0
9024,0
9025,1
9026,0
9027,1
9028,1
9029,0
9030,0
9031,0
9032,0
9033,1
9034,0
9035,0
9036,0
9037,0
9038,0
9039,0
9040,0
9041,1
9042,1
9043,0
9044,0
9045,0
9046,0
9047,0
9048,0
9049,0
9050,1
9051,0
9052,0
9053,1
9054,1
9055,0
9056,0
9057,1
9058,0
9059,0
9060,1
9061,0
9062,1
9063,0
9064,1
9065,0
9066,0
9067,0
9068,0
9069,0
9070,1
9071,0
9072,0
9073,1
9074,0
9075,0
9076,1
9077,0
9078,0
9079,1
9080,0
9081,1
9082,0
9083,0
9084,1
9085,1
9086,1
9087,0
9088,0
9089,0
9090,0
9091,0
9092,0
9093,1
9094,1
9095,0
9096,0
9097,1
9098,1
9099,1
9100,0
9101,0
9102,0
9103,1
9104,0
9105,0
9106,1
9107,0
9108,1
9109,1
9110,0
9111,0
9112,0
9113,0
9114,1
9115,0
9116,1
9117,0
9118,1
9119,0
9120,1
9121,1
9122,0
9123,0
9124,0
9125,0
9126,0
9127,0
9128,1
9129,0
9130,0
9131,1
9132,1
9133,0
9134,0
9135,0
9136,0
9137,1
9138,0
9139,1
9140,1
9141,0
9142,1
9143,1
9144,0
9145,1
9146,0
9147,0
9148,0
9149,0
9150,0
9151,0
9152,1
9153,0
9154,0
9155,0
9156,0
9157,1
9158,0
9159,0
9160,0
9161,0
9162,1
9163,0
9164,1
9165,0
9166,0
9167,0
9168,0
9169,1
9170,1
9171,0
9172,1
9173,0
9174,0
9175,1
9176,0
9177,0
9178,0
9179,0
9180,0
9181,0
9182,0
9183,1
9184,1
9185,1
9186,0
9187,1
9188,0
9189,0
9190,0
9191,0
9192,0
9193,0
9194,1
9195,0
9196,1
9197,0
9198,1
9199,0
9200,0
9201,1
9202,0
9203,0
9204,0
9205,1
9206,0
9207,0
9208,0
9209,0
9210,0
9211,0
9212,0
9213,0
9214,1
9215,0
9216,0
9217,0
9218,1
9219,1
9220,0
9221,0
9222,0
9223,1
9224,0
9225,0
9226,1
9227,0
9228,0
9229,0
9230,0
9231,1
9232,1
9233,0
9234,0
9235,0
9236,1
9237,0
9238,0
9239,0
9240,0
9241,0
9242,0
9243,0
9244,0
9245,0
9246,0
9247,1
9248,0
9249,0
9250,0
9251,0
9252,0
9253,1
9254,0
9255,1
9256,0
9257,0
9258,0
9259,1
9260,0
9261,0
9262,0
9263,0
9264,1
9265,0
9266,0
9267,1
9268,1
9269,1
9270,0
9271,0
9272,1
9273,1
9274,0
9275,0
9276,0
9277,0
9278,0
9279,0
9280,1
9281,0
9282,1
9283,1
9284,1
9285,0
9286,1
9287,0
9288,0
9289,0
9290,0
9291,1
9292,0
9293,0
9294,0
9295,1
9296,0
9297,0
9298,1
9299,0
9300,0
9301,0
9302,0
9303,1
9304,0
9305,0
9306,0
9307,0
9308,0
9309,0
9310,1
9311,0
9312,0
9313,1
9314,0
9315,0
9316,1
9317,1
9318,0
9319,0
9320,1
9321,1
9322,0
9323,0
9324,0
9325,0
9326,1
9327,0
9328,0
9329,1
9330,1
9331,0
9332,1
9333,1
9334,0
9335,0
9336,1
9337,0
9338,0
9339,1
9340,1
9341,0
9342,0
9343,0
9344,1
9345,1
9346,1
9347,0
9348,0
9349,0
9350,1
9351,1
9352,0
9353,0
9354,0
9355,0
9356,1
9357,1
9358,0
9359,1
9360,0
9361,0
9362,1
9363,1
9364,0
9365,0
9366,0
9367,0
9368,1
9369,0
9370,1
9371,1
9372,0
9373,0
9374,0
9375,1
9376,0
9377,0
9378,0
9379,1
9380,1
9381,0
9382,1
9383,0
9384,0
9385,0
9386,1
9387,0
9388,1
9389,0
9390,0
9391,1
9392,1
9393,0
9394,1
9395,0
9396,1
9397,1
9398,0
9399,0
9400,0
9401,1
9402,0
9403,0
9404,1
9405,0
9406,0
9407,1
9408,1
9409,0
9410,0
9411,1
9412,0
9413,0
9414,1
9415,1
9416,0
9417,0
9418,0
9419,0
9420,0
9421,0
9422,0
9423,1
9424,1
9425,0
9426,0
9427,1
9428,0
9429,0
9430,1
9431,0
9432,0
9433,1
9434,0
9435,1
9436,0
9437,1
9438,0
9439,0
9440,0
9441,1
9442,1
9443,1
9444,1
9445,1
9446,1
9447,0
9448,0
9449,0
9450,0
9451,0
9452,0
9453,0
9454,0
9455,1
9456,0
9457,1
9458,1
9459,0
9460,1
9461,0
9462,0
9463,0
9464,0
9465,0
9466,0
9467,0
9468,0
9469,0
9470,0
9471,0
9472,1
9473,0
9474,0
9475,1
9476,0
9477,1
9478,0
9479,0
9480,0
9481,0
9482,1
9483,1
9484,1
9485,0
9486,0
9487,1
9488,0
9489,0
9490,1
9491,0
9492,0
9493,0
9494,0
9495,0
9496,1
9497,1
9498,0
9499,0
9500,1
9501,1
9502,1
9503,0
9504,1
9505,0
9506,1
9507,0
9508,0
9509,0
9510,1
9511,0
9512,0
9513,0
9514,0
9515,0
9516,0
9517,1
9518,0
9519,0
9520,1
9521,1
9522,0
9523,0
9524,0
9525,0
9526,0
9527,0
9528,1
9529,0
9530,0
9531,0
9532,0
9533,0
9534,0
9535,0
9536,0
9537,0
9538,0
9539,0
9540,1
9541,1
9542,0
9543,0
9544,1
9545,1
9546,0
9547,0
9548,0
9549,0
9550,0
9551,1
9552,0
9553,0
9554,1
9555,0
9556,0
9557,1
9558,0
9559,0
9560,0
9561,0
9562,1
9563,0
9564,0
9565,0
9566,0
9567,0
9568,1
9569,0
9570,0
9571,0
9572,0
9573,0
9574,0
9575,0
9576,0
9577,1
9578,1
9579,0
9580,1
9581,0
9582,1
9583,1
9584,0
9585,1
9586,1
9587,0
9588,1
9589,0
9590,0
9591,0
9592,0
9593,0
9594,0
9595,0
9596,0
9597,1
9598,0
9599,0
9600,1
9601,1
9602,1
9603,0
9604,0
9605,0
9606,1
9607,1
9608,1
9609,0
9610,0
9611,1
9612,1
9613,0
9614,0
9615,0
9616,0
9617,0
9618,0
9619,0
9620,1
9621,0
9622,0
9623,1
9624,1
9625,0
9626,0
9627,0
9628,0
9629,1
9630,0
9631,1
9632,0
9633,0
9634,0
9635,0
9636,0
9637,0
9638,0
9639,1
9640,0
9641,0
9642,1
9643,0
9644,0
9645,0
9646,1
9647,0
9648,1
9649,0
9650,0
9651,0
9652,0
9653,0
9654,0
9655,1
9656,0
9657,1
9658,1
9659,0
9660,1
9661,0
9662,0
9663,0
9664,0
9665,0
9666,1
9667,0
9668,0
9669,0
9670,0
9671,0
9672,0
9673,1
9674,0
9675,1
9676,0
9677,1
9678,0
9679,0
9680,1
9681,0
9682,0
9683,0
9684,1
9685,0
9686,0
9687,1
9688,0
9689,0
9690,1
9691,0
9692,1
9693,1
9694,0
9695,0
9696,0
9697,1
9698,0
9699,0
9700,1
9701,0
9702,0
9703,1
9704,0
9705,0
9706,0
9707,0
9708,1
9709,0
9710,0
9711,1
9712,1
9713,0
9714,0
9715,1
9716,0
9717,1
9718,1
9719,0
9720,1
9721,1
9722,1
9723,0
9724,0
9725,0
9726,1
9727,1
9728,0
9729,1
9730,0
9731,1
9732,0
9733,0
9734,0
9735,0
9736,0
9737,1
9738,0
9739,0
9740,0
9741,1
9742,0
9743,0
9744,0
9745,1
9746,0
9747,0
9748,1
9749,0
9750,1
9751,0
9752,1
9753,0
9754,0
9755,0
9756,1
9757,1
9758,0
9759,1
9760,1
9761,1
9762,0
9763,0
9764,0
9765,0
9766,0
9767,0
9768,0
9769,1
9770,1
9771,1
9772,1
9773,1
9774,0
9775,0
9776,1
9777,0
9778,1
9779,0
9780,0
9781,1
9782,1
9783,1
9784,1
9785,1
9786,1
9787,1
9788,0
9789,0
9790,0
9791,0
9792,0
9793,0
9794,0
9795,1
9796,0
9797,0
9798,1
9799,0
9800,1
9801,0
9802,0
9803,0
9804,0
9805,1
9806,1
9807,1
9808,1
9809,0
9810,0
9811,1
9812,1
9813,0
9814,0
9815,0
9816,1
9817,1
9818,1
9819,0
9820,0
9821,0
9822,0
9823,0
9824,0
9825,1
9826,1
9827,0
9828,0
9829,1
9830,0
9831,0
9832,1
9833,0
9834,0
9835,0
9836,1
9837,1
9838,1
9839,0
9840,0
9841,1
9842,0
9843,1
9844,0
9845,0
9846,0
9847,1
9848,1
9849,0
9850,0
9851,0
9852,0
9853,0
9854,0
9855,1
9856,0
9857,0
9858,0
9859,1
9860,0
9861,0
9862,1
9863,0
9864,1
9865,1
9866,0
9867,0
9868,0
9869,0
9870,1
9871,0
9872,1
9873,0
9874,1
9875,1
9876,0
9877,0
9878,0
9879,0
9880,0
9881,1
9882,1
9883,0
9884,0
9885,1
9886,0
9887,0
9888,0
9889,0
9890,0
9891,1
9892,0
9893,0
9894,1
9895,0
9896,0
9897,1
9898,0
9899,0
9900,1
9901,0
9902,1
9903,0
9904,0
9905,0
9906,0
9907,0
9908,0
9909,0
9910,1
9911,0
9912,1
9913,1
9914,1
9915,1
9916,0
9917,0
9918,1
9919,0
9920,0
9921,0
9922,1
9923,0
9924,0
9925,0
9926,0
9927,0
9928,0
9929,0
9930,0
9931,0
9932,0
9933,1
9934,0
9935,1
9936,0
9937,0
9938,0
9939,1
9940,1
9941,1
9942,1
9943,0
9944,0
9945,0
9946,1
9947,0
9948,0
9949,0
9950,1
9951,0
9952,0
9953,0
9954,0
9955,1
9956,1
9957,0
9958,1
9959,1
9960,1
9961,0
9962,1
9963,0
9964,0
9965,0
9966,1
9967,1
9968,0
9969,1
9970,0
9971,0
9972,0
9973,0
9974,0
9975,0
9976,0
9977,1
9978,0
9979,0
9980,1
9981,0
9982,0
9983,0
9984,0
9985,0
9986,1
9987,1
9988,0
9989,0
9990,0
9991,0
9992,0
9993,1
9994,0
9995,1
9996,0
9997,1
9998,1
9999,1
10000,0
10001,1
10002,0
10003,0
10004,1
10005,0
10006,0
10007,0
10008,0
10009,0
10010,1
10011,0
10012,1
10013,0
10014,0
10015,1
10016,0
10017,0
10018,0
10019,0
10020,0
10021,1
10022,1
10023,0
10024,0
10025,1
10026,1
10027,0
10028,0
10029,0
10030,0
10031,0
10032,1
10033,1
10034,0
10035,0
10036,0
10037,0
10038,0
10039,0
10040,1
10041,1
10042,1
10043,1
10044,1
10045,1
10046,1
10047,1
10048,1
10049,0
10050,1
10051,0
10052,1
10053,0
10054,0
10055,0
10056,0
10057,0
10058,0
10059,0
10060,1
10061,0
10062,1
10063,1
10064,0
10065,0
10066,0
10067,0
10068,0
10069,0
10070,0
10071,0
10072,0
10073,0
10074,0
10075,0
10076,0
10077,0
10078,1
10079,1
10080,1
10081,1
10082,0
10083,1
10084,1
10085,0
10086,1
10087,1
10088,1
10089,1
10090,0
10091,0
10092,0
10093,1
10094,0
10095,1
10096,1
10097,0
10098,1
10099,0
10100,1
10101,0
10102,0
10103,1
10104,1
10105,0
10106,0
10107,1
10108,0
10109,0
10110,0
10111,0
10112,0
10113,0
10114,1
10115,0
10116,0
10117,1
10118,0
10119,0
10120,1
10121,0
10122,0
10123,0
10124,0
10125,0
10126,0
10127,0
10128,0
10129,0
10130,0
10131,0
10132,0
10133,1
10134,0
10135,1
10136,0
10137,0
10138,0
10139,0
10140,1
10141,1
10142,0
10143,0
10144,0
10145,0
10146,1
10147,0
10148,0
10149,0
10150,1
10151,0
10152,0
10153,1
10154,0
10155,1
10156,0
10157,1
10158,1
10159,0
10160,1
10161,1
10162,1
10163,1
10164,1
10165,1
10166,0
10167,0
10168,0
10169,0
10170,1
10171,0
10172,0
10173,0
10174,0
10175,0
10176,0
10177,0
10178,0
10179,0
10180,0
10181,1
10182,1
10183,1
10184,0
10185,1
10186,1
10187,0
10188,1
10189,0
10190,0
10191,1
10192,0
10193,0
10194,1
10195,0
10196,1
10197,1
10198,1
10199,1
10200,0
10201,1
10202,0
10203,0
10204,0
10205,0
10206,1
10207,0
10208,0
10209,0
10210,0
10211,0
10212,0
10213,0
10214,1
10215,0
10216,1
10217,1
10218,1
10219,0
10220,0
10221,1
10222,0
10223,1
10224,0
10225,1
10226,0
10227,1
10228,0
10229,1
10230,0
10231,0
10232,1
10233,0
10234,0
10235,1
10236,0
10237,1
10238,0
10239,0
10240,1
10241,1
10242,0
10243,0
10244,0
10245,0
10246,0
10247,0
10248,1
10249,0
10250,0
10251,0
10252,0
10253,0
10254,1
10255,0
10256,0
10257,0
10258,0
10259,0
10260,0
10261,0
10262,0
10263,0
10264,0
10265,0
10266,0
10267,1
10268,0
10269,0
10270,0
10271,0
10272,0
10273,0
10274,1
10275,0
10276,0
10277,0
10278,0
10279,0
10280,1
10281,0
10282,0
10283,1
10284,0
10285,1
10286,1
10287,1
10288,0
10289,0
10290,1
10291,0
10292,1
10293,1
10294,0
10295,1
10296,1
10297,1
10298,1
10299,0
10300,0
10301,0
10302,0
10303,0
10304,0
10305,1
10306,0
10307,0
10308,0
10309,0
10310,0
10311,0
10312,0
10313,0
10314,0
10315,0
10316,1
10317,0
10318,0
10319,0
10320,0
10321,0
10322,0
10323,0
10324,0
10325,0
10326,0
10327,0
10328,0
10329,0
10330,1
10331,0
10332,0
10333,0
10334,0
10335,1
10336,0
10337,0
10338,1
10339,0
10340,0
10341,1
10342,0
10343,0
10344,0
10345,0
10346,0
10347,0
10348,0
10349,1
10350,0
10351,1
10352,1
10353,1
10354,1
10355,0
10356,1
10357,1
10358,1
10359,0
10360,1
10361,1
10362,0
10363,0
10364,0
10365,1
10366,0
10367,0
10368,1
10369,1
10370,0
10371,1
10372,0
10373,1
10374,0
10375,0
10376,1
10377,0
10378,1
10379,0
10380,0
10381,1
10382,0
10383,0
10384,0
10385,1
10386,0
10387,1
10388,1
10389,1
10390,0
10391,1
10392,0
10393,1
10394,1
10395,1
10396,0
10397,1
10398,0
10399,0
10400,0
10401,1
10402,0
10403,1
10404,1
10405,0
10406,1
10407,0
10408,0
10409,1
10410,1
10411,0
10412,0
10413,1
10414,1
10415,0
10416,0
10417,0
10418,0
10419,0
10420,0
10421,0
10422,0
10423,0
10424,1
10425,1
10426,0
10427,1
10428,0
10429,1
10430,0
10431,0
10432,0
10433,0
10434,0
10435,0
10436,0
10437,1
10438,0
10439,0
10440,0
10441,1
10442,0
10443,0
10444,0
10445,0
10446,0
10447,0
10448,0
10449,0
10450,1
10451,1
10452,1
10453,0
10454,1
10455,0
10456,0
10457,0
10458,1
10459,0
10460,1
10461,1
10462,0
10463,0
10464,0
10465,1
10466,0
10467,0
10468,0
10469,0
10470,1
10471,1
10472,0
10473,1
10474,1
10475,0
10476,0
10477,0
10478,1
10479,1
10480,0
10481,0
10482,0
10483,0
10484,0
10485,0
10486,1
10487,1
10488,1
10489,1
10490,0
10491,1
10492,1
10493,0
10494,1
10495,0
10496,1
10497,0
10498,0
10499,0
10500,0
10501,0
10502,0
10503,1
10504,0
10505,1
10506,1
10507,1
10508,0
10509,1
10510,0
10511,1
10512,0
10513,1
10514,1
10515,0
10516,0
10517,1
10518,1
10519,1
10520,0
10521,0
10522,0
10523,0
10524,0
10525,0
10526,0
10527,0
10528,0
10529,0
10530,0
10531,0
10532,1
10533,0
10534,0
10535,0
10536,1
10537,0
10538,0
10539,0
10540,1
10541,0
10542,1
10543,0
10544,1
10545,0
10546,1
10547,1
10548,0
10549,0
10550,1
10551,0
10552,1
10553,1
10554,0
10555,0
10556,1
10557,0
10558,0
10559,0
10560,0
10561,0
10562,1
10563,1
10564,0
10565,0
10566,1
10567,1
10568,0
10569,1
10570,1
10571,0
10572,1
10573,0
10574,1
10575,1
10576,0
10577,0
10578,0
10579,0
10580,0
10581,0
10582,0
10583,0
10584,0
10585,1
10586,0
10587,0
10588,0
10589,0
10590,0
10591,0
10592,0
10593,0
10594,0
10595,0
10596,0
10597,0
10598,0
10599,0
10600,1
10601,0
10602,0
10603,1
10604,0
10605,0
10606,0
10607,1
10608,0
10609,1
10610,0
10611,0
10612,0
10613,0
10614,1
10615,0
10616,0
10617,0
10618,0
10619,0
10620,0
10621,0
10622,1
10623,0
10624,0
10625,0
10626,0
10627,0
10628,0
10629,0
10630,1
10631,0
10632,0
10633,1
10634,0
10635,0
10636,1
10637,0
10638,0
10639,1
10640,0
10641,0
10642,1
10643,0
10644,1
10645,1
10646,0
10647,0
10648,1
10649,1
10650,0
10651,1
10652,0
10653,0
10654,0
10655,0
10656,1
10657,1
10658,1
10659,0
10660,0
10661,0
10662,0
10663,0
10664,1
10665,1
10666,1
10667,1
10668,1
10669,1
10670,0
10671,0
10672,0
10673,0
10674,0
10675,0
10676,0
10677,0
10678,1
10679,1
10680,0
10681,0
10682,0
10683,1
10684,1
10685,0
10686,0
10687,0
10688,0
10689,0
10690,1
10691,0
10692,1
10693,0
10694,0
10695,1
10696,0
10697,0
10698,1
10699,1
10700,1
10701,1
10702,0
10703,0
10704,0
10705,1
10706,0
10707,0
10708,0
10709,0
10710,0
10711,0
10712,0
10713,0
10714,1
10715,0
10716,0
10717,1
10718,1
10719,0
10720,0
10721,1
10722,1
10723,0
10724,0
10725,0
10726,1
10727,1
10728,0
10729,1
10730,0
10731,1
10732,0
10733,0
10734,0
10735,1
10736,0
10737,0
10738,1
10739,0
10740,0
10741,1
10742,1
10743,1
10744,1
10745,0
10746,0
10747,1
10748,1
10749,0
10750,1
10751,0
10752,0
10753,1
10754,0
10755,1
10756,1
10757,0
10758,0
10759,0
10760,1
10761,1
10762,0
10763,0
10764,0
10765,0
10766,0
10767,0
10768,0
10769,0
10770,0
10771,1
10772,1
10773,1
10774,0
10775,1
10776,0
10777,0
10778,1
10779,0
10780,1
10781,0
10782,0
10783,1
10784,0
10785,1
10786,1
10787,0
10788,1
10789,0
10790,1
10791,1
10792,1
10793,0
10794,0
10795,0
10796,0
10797,0
10798,1
10799,1
10800,0
10801,1
10802,1
10803,0
10804,1
10805,0
10806,0
10807,0
10808,0
10809,1
10810,0
10811,0
10812,1
10813,0
10814,0
10815,0
10816,1
10817,0
10818,0
10819,0
10820,0
10821,0
10822,0
10823,0
10824,1
10825,0
10826,0
10827,0
10828,0
10829,0
10830,0
10831,0
10832,0
10833,1
10834,0
10835,0
10836,1
10837,0
10838,0
10839,0
10840,0
10841,1
10842,1
10843,1
10844,0
10845,1
10846,0
10847,1
10848,1
10849,1
10850,0
10851,0
10852,0
10853,1
10854,0
10855,0
10856,0
10857,1
10858,1
10859,0
10860,1
10861,1
10862,0
10863,0
10864,0
10865,1
10866,0
10867,0
10868,1
10869,0
10870,0
10871,1
10872,0
10873,1
10874,1
10875,0
10876,1
10877,0
10878,0
10879,0
10880,0
10881,0
10882,0
10883,0
10884,0
10885,0
10886,0
10887,1
10888,0
10889,1
10890,0
10891,0
10892,0
10893,0
10894,0
10895,1
10896,0
10897,1
10898,0
10899,0
10900,0
10901,0
10902,1
10903,1
10904,1
10905,0
10906,0
10907,0
10908,0
10909,0
10910,0
10911,1
10912,0
10913,1
10914,0
10915,0
10916,0
10917,1
10918,0
10919,1
10920,0
10921,0
10922,1
10923,0
10924,1
10925,1
10926,0
10927,0
10928,0
10929,1
10930,1
10931,1
10932,0
10933,0
10934,1
10935,1
10936,0
10937,0
10938,1
10939,1
10940,1
10941,1
10942,0
10943,0
10944,0
10945,0
10946,1
10947,0
10948,1
10949,0
10950,0
10951,1
10952,0
10953,0
10954,0
10955,1
10956,1
10957,1
10958,1
10959,0
10960,1
10961,1
10962,1
10963,0
10964,1
10965,0
10966,1
10967,1
10968,1
10969,1
10970,0
10971,0
10972,0
10973,0
10974,0
10975,1
10976,0
10977,0
10978,1
10979,1
10980,0
10981,0
10982,0
10983,1
10984,0
10985,0
10986,0
10987,1
10988,0
10989,1
10990,0
10991,1
10992,0
10993,0
10994,0
10995,1
10996,0
10997,1
10998,1
10999,0
11000,0
11001,0
11002,0
11003,1
11004,0
11005,1
11006,1
11007,0
11008,0
11009,1
11010,1
11011,0
11012,0
11013,1
11014,0
11015,0
11016,1
11017,0
11018,0
11019,0
11020,1
11021,0
11022,1
11023,0
11024,0
11025,1
11026,1
11027,0
11028,0
11029,1
11030,1
11031,0
11032,1
11033,0
11034,0
11035,0
11036,0
11037,1
11038,0
11039,1
11040,1
11041,1
11042,0
11043,0
11044,0
11045,0
11046,0
11047,0
11048,0
11049,1
11050,1
11051,1
11052,1
11053,0
11054,1
11055,1
11056,1
11057,1
11058,1
11059,0
11060,0
11061,0
11062,1
11063,0
11064,0
11065,0
11066,0
11067,1
11068,0
11069,0
11070,0
11071,1
11072,1
11073,0
11074,0
11075,0
11076,0
11077,0
11078,0
11079,0
11080,0
11081,0
11082,0
11083,1
11084,0
11085,1
11086,1
11087,1
11088,0
11089,0
11090,1
11091,0
11092,0
11093,0
11094,0
11095,0
11096,0
11097,1
11098,0
11099,0
11100,1
11101,1
11102,0
11103,1
11104,0
11105,0
11106,1
11107,1
11108,0
11109,1
11110,1
11111,1
11112,0
11113,1
11114,0
11115,0
11116,0
11117,0
11118,0
11119,0
11120,0
11121,0
11122,0
11123,0
11124,0
11125,0
11126,1
11127,0
11128,0
11129,0
11130,0
11131,0
11132,0
11133,0
11134,0
11135,1
11136,0
11137,0
11138,0
11139,0
11140,1
11141,0
11142,0
11143,0
11144,1
11145,0
11146,0
11147,0
11148,1
11149,0
11150,0
11151,0
11152,1
11153,0
11154,0
11155,0
11156,0
11157,0
11158,0
11159,0
11160,0
11161,1
11162,0
11163,1
11164,0
11165,0
11166,0
11167,0
11168,0
11169,0
11170,0
11171,0
11172,0
11173,0
11174,0
11175,0
11176,0
11177,0
11178,1
11179,0
11180,0
11181,1
11182,0
11183,0
11184,0
11185,1
11186,1
11187,1
11188,0
11189,1
11190,0
11191,0
11192,0
11193,1
11194,0
11195,0
11196,0
11197,1
11198,1
11199,0
11200,0
11201,1
11202,0
11203,0
11204,1
11205,0
11206,1
11207,1
11208,1
11209,0
11210,0
11211,0
11212,1
11213,0
11214,1
11215,0
11216,0
11217,1
11218,0
11219,1
11220,1
11221,0
11222,0
11223,1
11224,1
11225,0
11226,0
11227,0
11228,1
11229,0
11230,1
11231,0
11232,0
11233,0
11234,1
11235,0
11236,1
11237,0
11238,0
11239,1
11240,0
11241,0
11242,0
11243,1
11244,0
11245,0
11246,0
11247,0
11248,0
11249,0
11250,0
11251,1
11252,0
11253,1
11254,0
11255,0
11256,0
11257,0
11258,0
11259,0
11260,0
11261,0
11262,0
11263,0
11264,1
11265,1
11266,0
11267,0
11268,0
11269,0
11270,0
11271,1
11272,1
11273,0
11274,0
11275,0
11276,1
11277,0
11278,1
11279,0
11280,1
11281,0
11282,0
11283,0
11284,1
11285,0
11286,0
11287,1
11288,1
11289,1
11290,0
11291,1
11292,0
11293,0
11294,1
11295,0
11296,0
11297,0
11298,0
11299,1
11300,0
11301,1
11302,1
11303,0
11304,0
11305,1
11306,0
11307,0
11308,0
11309,0
11310,1
11311,0
11312,0
11313,0
11314,0
11315,0
11316,0
11317,0
11318,0
11319,0
11320,0
11321,1
11322,0
11323,1
11324,0
11325,0
11326,0
11327,1
11328,1
11329,1
11330,1
11331,1
11332,1
11333,0
11334,1
11335,0
11336,0
11337,0
11338,1
11339,1
11340,0
11341,0
11342,0
11343,1
11344,1
11345,0
11346,1
11347,0
11348,1
11349,0
11350,0
11351,1
11352,0
11353,0
11354,0
11355,0
11356,0
11357,0
11358,0
11359,1
11360,1
11361,1
11362,0
11363,0
11364,0
11365,0
11366,0
11367,0
11368,0
11369,0
11370,0
11371,0
11372,1
11373,0
11374,0
11375,0
11376,1
11377,0
11378,0
11379,0
11380,0
11381,1
11382,0
11383,0
11384,0
11385,0
11386,1
11387,0
11388,1
11389,0
11390,0
11391,0
11392,0
11393,0
11394,0
11395,1
11396,0
11397,0
11398,0
11399,0
11400,0
11401,0
11402,0
11403,1
11404,1
11405,1
11406,0
11407,0
11408,1
11409,1
11410,1
11411,1
11412,0
11413,0
11414,0
11415,0
11416,0
11417,0
11418,1
11419,0
11420,0
11421,1
11422,1
11423,1
11424,1
11425,1
11426,0
11427,1
11428,0
11429,0
11430,1
11431,1
11432,0
11433,0
11434,0
11435,1
11436,0
11437,0
11438,0
11439,1
11440,0
11441,0
11442,0
11443,0
11444,0
11445,0
11446,0
11447,0
11448,0
11449,0
11450,1
11451,0
11452,0
11453,0
11454,0
11455,1
11456,0
11457,0
11458,1
11459,1
11460,0
11461,0
11462,1
11463,0
11464,0
11465,0
11466,0
11467,0
11468,0
11469,1
11470,0
11471,0
11472,0
11473,0
11474,0
11475,0
11476,0
11477,1
11478,0
11479,1
11480,1
11481,0
11482,1
11483,0
11484,1
11485,1
11486,0
11487,0
11488,1
11489,0
11490,0
11491,0
11492,0
11493,0
11494,0
11495,0
11496,0
11497,0
11498,0
11499,0
11500,0
11501,0
11502,1
11503,1
11504,0
11505,1
11506,0
11507,1
11508,1
11509,0
11510,0
11511,0
11512,1
11513,0
11514,0
11515,0
11516,0
11517,1
11518,0
11519,0
11520,1
11521,1
11522,1
11523,0
11524,0
11525,0
11526,0
11527,0
11528,0
11529,1
11530,1
11531,1
11532,0
11533,0
11534,0
11535,0
11536,0
11537,1
11538,0
11539,0
11540,1
11541,1
11542,0
11543,1
11544,1
11545,1
11546,0
11547,1
11548,0
11549,0
11550,0
11551,0
11552,1
11553,0
11554,0
11555,0
11556,1
11557,0
11558,0
11559,0
11560,1
11561,0
11562,0
11563,0
11564,1
11565,0
11566,0
11567,0
11568,0
11569,1
11570,1
11571,1
11572,0
11573,0
11574,1
11575,0
11576,1
11577,0
11578,1
11579,0
11580,1
11581,1
11582,1
11583,1
11584,0
11585,1
11586,0
11587,1
11588,0
11589,0
11590,0
11591,0
11592,0
11593,0
11594,1
11595,0
11596,0
11597,0
11598,0
11599,1
11600,0
11601,0
11602,1
11603,1
11604,0
11605,1
11606,0
11607,1
11608,0
11609,0
11610,0
11611,1
11612,0
11613,0
11614,1
11615,1
11616,0
11617,1
11618,1
11619,0
11620,1
11621,0
11622,1
11623,1
11624,1
11625,0
11626,0
11627,0
11628,0
11629,0
11630,0
11631,1
11632,0
11633,0
11634,0
11635,0
11636,0
11637,1
11638,0
11639,1
11640,1
11641,1
11642,1
11643,0
11644,0
11645,1
11646,0
11647,1
11648,0
11649,0
11650,0
11651,0
11652,0
11653,1
11654,0
11655,0
11656,0
11657,0
11658,1
11659,0
11660,0
11661,1
11662,0
11663,1
11664,0
11665,0
11666,0
11667,1
11668,0
11669,0
11670,0
11671,0
11672,1
11673,0
11674,0
11675,1
11676,0
11677,1
11678,0
11679,1
11680,0
11681,0
11682,0
11683,0
11684,1
11685,0
11686,0
11687,0
11688,1
11689,1
11690,1
11691,0
11692,1
11693,0
11694,0
11695,1
11696,0
11697,1
11698,0
11699,1
11700,1
11701,0
11702,0
11703,0
11704,0
11705,0
11706,0
11707,0
11708,1
11709,0
11710,0
11711,1
11712,0
11713,1
11714,0
11715,0
11716,0
11717,1
11718,0
11719,1
11720,0
11721,1
11722,0
11723,1
11724,1
11725,0
11726,1
11727,0
11728,0
11729,1
11730,0
11731,0
11732,0
11733,1
11734,0
11735,0
11736,0
11737,0
11738,1
11739,1
11740,1
11741,1
11742,1
11743,1
11744,0
11745,1
11746,1
11747,0
11748,1
11749,0
11750,0
11751,0
11752,0
11753,0
11754,1
11755,0
11756,1
11757,0
11758,0
11759,0
11760,1
11761,0
11762,0
11763,0
11764,0
11765,0
11766,0
11767,1
11768,0
11769,0
11770,1
11771,1
11772,1
11773,0
11774,0
11775,0
11776,0
11777,0
11778,1
11779,0
11780,0
11781,1
11782,1
11783,1
11784,0
11785,0
11786,0
11787,1
11788,1
11789,0
11790,0
11791,0
11792,0
11793,0
11794,1
11795,0
11796,0
11797,0
11798,1
11799,0
11800,1
11801,1
11802,0
11803,0
11804,1
11805,0
11806,0
11807,0
11808,0
11809,1
11810,1
11811,0
11812,0
11813,0
11814,1
11815,0
11816,0
11817,1
11818,0
11819,0
11820,1
11821,1
11822,0
11823,0
11824,1
11825,1
11826,0
11827,1
11828,0
11829,0
11830,0
11831,0
11832,1
11833,1
11834,1
11835,0
11836,0
11837,0
11838,0
11839,0
11840,0
11841,1
11842,0
11843,0
11844,0
11845,0
11846,1
11847,0
11848,1
11849,0
11850,0
11851,0
11852,0
11853,0
11854,1
11855,1
11856,0
11857,0
11858,0
11859,0
11860,1
11861,0
11862,0
11863,1
11864,0
11865,1
11866,0
11867,0
11868,0
11869,1
11870,0
11871,0
11872,0
11873,1
11874,1
11875,0
11876,1
11877,1
11878,0
11879,1
11880,0
11881,0
11882,0
11883,0
11884,1
11885,0
11886,1
11887,0
11888,0
11889,0
11890,0
11891,1
11892,0
11893,0
11894,0
11895,1
11896,0
11897,1
11898,0
11899,0
11900,1
11901,0
11902,1
11903,0
11904,1
11905,1
11906,0
11907,1
11908,0
11909,1
11910,0
11911,0
11912,0
11913,0
11914,1
11915,0
11916,1
11917,1
11918,0
11919,0
11920,0
11921,0
11922,1
11923,0
11924,0
11925,0
11926,1
11927,0
11928,1
11929,1
11930,0
11931,0
11932,0
11933,0
11934,1
11935,0
11936,1
11937,1
11938,1
11939,0
11940,0
11941,0
11942,1
11943,1
11944,0
11945,0
11946,0
11947,0
11948,0
11949,0
11950,1
11951,0
11952,0
11953,1
11954,0
11955,1
11956,1
11957,0
11958,0
11959,0
11960,0
11961,0
11962,0
11963,1
11964,0
11965,1
11966,0
11967,1
11968,0
11969,0
11970,0
11971,0
11972,0
11973,1
11974,1
11975,0
11976,0
11977,1
11978,0
11979,1
11980,1
11981,0
11982,1
11983,1
11984,0
11985,1
11986,0
11987,0
11988,0
11989,0
11990,1
11991,0
11992,1
11993,0
11994,0
11995,0
11996,1
11997,0
11998,0
11999,0
12000,0
12001,1
12002,1
12003,0
12004,1
12005,0
12006,0
12007,0
12008,0
12009,1
12010,0
12011,1
12012,0
12013,0
12014,1
12015,0
12016,0
12017,0
12018,0
12019,0
12020,0
12021,0
12022,0
12023,1
12024,1
12025,0
12026,0
12027,0
12028,0
12029,0
12030,0
12031,0
12032,0
12033,1
12034,0
12035,0
12036,0
12037,0
12038,1
12039,0
12040,0
12041,1
12042,0
12043,1
12044,1
12045,1
12046,0
12047,0
12048,1
12049,0
12050,1
12051,0
12052,1
12053,0
12054,0
12055,1
12056,0
12057,0
12058,0
12059,0
12060,0
12061,0
12062,0
12063,1
12064,0
12065,0
12066,1
12067,1
12068,0
12069,1
12070,1
12071,0
12072,0
12073,1
12074,0
12075,0
12076,0
12077,0
12078,0
12079,0
12080,1
12081,1
12082,0
12083,0
12084,1
12085,1
12086,0
12087,1
12088,1
12089,1
12090,1
12091,1
12092,0
12093,0
12094,0
12095,0
12096,0
12097,0
12098,1
12099,0
12100,0
12101,0
12102,0
12103,1
12104,0
12105,0
12106,0
12107,0
12108,1
12109,0
12110,0
12111,0
12112,0
12113,0
12114,0
12115,0
12116,0
12117,1
12118,0
12119,0
12120,0
12121,1
12122,0
12123,1
12124,0
12125,0
12126,0
12127,0
12128,0
12129,0
12130,0
12131,0
12132,0
12133,0
12134,0
12135,0
12136,0
12137,0
12138,0
12139,1
12140,0
12141,1
12142,1
12143,1
12144,0
12145,1
12146,0
12147,1
12148,0
12149,0
12150,0
12151,0
12152,0
12153,0
12154,0
12155,1
12156,1
12157,0
12158,0
12159,0
12160,0
12161,1
12162,1
12163,0
12164,0
12165,0
12166,0
12167,0
12168,1
12169,0
12170,0
12171,0
12172,0
12173,0
12174,1
12175,0
12176,0
12177,0
12178,0
12179,0
12180,0
12181,1
12182,1
12183,1
12184,0
12185,0
12186,0
12187,0
12188,1
12189,0
12190,0
12191,1
12192,0
12193,1
12194,0
12195,0
12196,1
12197,0
12198,1
12199,1
12200,1
12201,0
12202,1
12203,0
12204,1
12205,0
12206,0
12207,1
12208,1
12209,0
12210,0
12211,1
12212,0
12213,0
12214,0
12215,0
12216,0
12217,0
12218,1
12219,0
12220,0
12221,1
12222,1
12223,0
12224,0
12225,1
12226,0
12227,0
12228,0
12229,0
12230,0
12231,0
12232,0
12233,0
12234,0
12235,1
12236,0
12237,0
12238,1
12239,0
12240,0
12241,0
12242,1
12243,0
12244,0
12245,0
12246,0
12247,0
12248,1
12249,1
12250,0
12251,0
12252,1
12253,1
12254,1
12255,0
12256,1
12257,1
12258,0
12259,0
12260,0
12261,0
12262,1
12263,0
12264,1
12265,0
12266,0
12267,0
12268,0
12269,0
12270,0
12271,1
12272,1
12273,0
12274,0
12275,1
12276,0
12277,0
12278,0
12279,0
12280,0
12281,1
12282,1
12283,1
12284,0
12285,0
12286,0
12287,0
12288,0
12289,0
12290,0
12291,0
12292,0
12293,0
12294,1
12295,1
12296,0
12297,0
12298,0
12299,0
12300,0
12301,0
12302,0
12303,0
12304,0
12305,0
12306,0
12307,0
12308,0
12309,1
12310,0
12311,0
12312,1
12313,0
12314,1
12315,0
12316,1
12317,0
12318,0
12319,1
12320,0
12321,0
12322,1
12323,0
12324,1
12325,0
12326,0
12327,0
12328,0
12329,0
12330,0
12331,0
12332,1
12333,1
12334,0
12335,1
12336,0
12337,1
12338,1
12339,1
12340,0
12341,0
12342,0
12343,1
12344,1
12345,0
12346,1
12347,0
12348,1
12349,0
12350,0
12351,0
12352,1
12353,1
12354,0
12355,0
12356,0
12357,0
12358,0
12359,1
12360,0
12361,0
12362,0
12363,0
12364,0
12365,0
12366,1
12367,0
12368,0
12369,0
12370,0
12371,1
12372,0
12373,0
12374,0
12375,1
12376,0
12377,0
12378,1
12379,0
12380,0
12381,0
12382,0
12383,0
12384,0
12385,1
12386,0
12387,0
12388,0
12389,0
12390,0
12391,1
12392,0
12393,1
12394,1
12395,0
12396,0
12397,0
12398,0
12399,1
12400,1
12401,1
12402,0
12403,1
12404,0
12405,0
12406,0
12407,0
12408,0
12409,0
12410,0
12411,1
12412,0
12413,1
12414,0
12415,0
12416,0
12417,0
12418,0
12419,0
12420,0
12421,1
12422,0
12423,0
12424,1
12425,1
12426,0
12427,1
12428,0
12429,0
12430,0
12431,0
12432,0
12433,0
12434,1
12435,0
12436,0
12437,1
12438,0
12439,1
12440,0
12441,0
12442,1
12443,1
12444,0
12445,0
12446,0
12447,1
12448,1
12449,0
12450,0
12451,0
12452,1
12453,0
12454,0
12455,0
12456,1
12457,0
12458,0
12459,0
12460,0
12461,1
12462,0
12463,0
12464,0
12465,1
12466,0
12467,1
12468,1
12469,1
12470,1
12471,0
12472,0
12473,0
12474,0
12475,0
12476,0
12477,0
12478,0
12479,0
12480,0
12481,1
12482,0
12483,0
12484,0
12485,1
12486,0
12487,0
12488,0
12489,0
12490,0
12491,1
12492,0
12493,1
12494,0
12495,0
12496,0
12497,1
12498,0
12499,0
12500,0
12501,0
12502,0
12503,1
12504,0
12505,0
12506,0
12507,0
12508,0
12509,1
12510,0
12511,1
12512,0
12513,0
12514,1
12515,0
12516,0
12517,0
12518,0
12519,0
12520,0
12521,0
12522,0
12523,0
12524,0
12525,1
12526,0
12527,1
12528,1
12529,0
12530,0
12531,0
12532,0
12533,0
12534,0
12535,0
12536,0
12537,1
12538,0
12539,0
12540,0
12541,0
12542,1
12543,0
12544,0
12545,1
12546,0
12547,0
12548,0
12549,1
12550,0
12551,0
12552,1
12553,1
12554,0
12555,0
12556,0
12557,0
12558,1
12559,0
12560,0
12561,0
12562,0
12563,0
12564,0
12565,1
12566,0
12567,0
12568,0
12569,1
12570,0
12571,0
12572,0
12573,1
12574,0
12575,0
12576,1
12577,0
12578,0
12579,0
12580,0
12581,0
12582,1
12583,0
12584,1
12585,0
12586,0
12587,0
12588,0
12589,0
12590,1
12591,0
12592,0
12593,0
12594,0
12595,0
12596,1
12597,0
12598,0
12599,0
12600,0
12601,0
12602,0
12603,0
12604,1
12605,0
12606,1
12607,0
12608,0
12609,1
12610,1
12611,1
12612,0
12613,0
12614,0
12615,0
12616,1
12617,1
12618,0
12619,1
12620,0
12621,0
12622,0
12623,1
12624,1
12625,1
12626,1
12627,0
12628,1
12629,0
12630,0
12631,0
12632,0
12633,0
12634,0
12635,0
12636,1
12637,1
12638,0
12639,0
12640,0
12641,1
12642,1
12643,0
12644,0
12645,0
12646,0
12647,0
12648,0
12649,0
12650,0
12651,1
12652,0
12653,1
12654,1
12655,0
12656,0
12657,0
12658,1
12659,1
12660,0
12661,0
12662,0
12663,0
12664,0
12665,0
12666,0
12667,0
12668,1
12669,0
12670,0
12671,0
12672,0
12673,0
12674,0
12675,0
12676,0
12677,1
12678,0
12679,0
12680,0
12681,0
12682,0
12683,0
12684,0
12685,0
12686,0
12687,1
12688,0
12689,0
12690,1
12691,0
12692,1
12693,0
12694,0
12695,0
12696,0
12697,0
12698,0
12699,0
12700,0
12701,0
12702,1
12703,1
12704,0
12705,1
12706,0
12707,0
12708,0
12709,0
12710,0
12711,0
12712,0
12713,0
12714,1
12715,0
12716,0
12717,1
12718,0
12719,1
12720,0
12721,0
12722,0
12723,0
12724,0
12725,0
12726,0
12727,1
12728,1
12729,0
12730,0
12731,1
12732,1
12733,1
12734,0
12735,0
12736,0
12737,0
12738,1
12739,0
12740,0
12741,1
12742,1
12743,1
12744,0
12745,0
12746,0
12747,1
12748,1
12749,0
12750,0
12751,1
12752,0
12753,1
12754,0
12755,0
12756,1
12757,0
12758,1
12759,0
12760,0
12761,0
12762,0
12763,0
12764,0
12765,1
12766,1
12767,0
12768,1
12769,0
12770,0
12771,0
12772,1
12773,1
12774,0
12775,1
12776,0
12777,0
12778,1
12779,0
12780,0
12781,0
12782,0
12783,1
12784,0
12785,1
12786,1
12787,1
12788,1
12789,0
12790,0
12791,0
12792,0
12793,1
12794,1
12795,1
12796,0
12797,1
12798,1
12799,0
12800,1
12801,1
12802,1
12803,0
12804,1
12805,0
12806,0
12807,1
12808,1
12809,1
12810,1
12811,1
12812,1
12813,1
12814,0
12815,0
12816,0
12817,0
12818,1
12819,0
12820,0
12821,1
12822,0
12823,0
12824,1
12825,1
12826,0
12827,1
12828,0
12829,0
12830,0
12831,0
12832,1
12833,1
12834,0
12835,0
12836,1
12837,0
12838,0
12839,0
12840,0
12841,0
12842,0
12843,0
12844,0
12845,0
12846,0
12847,0
12848,1
12849,0
12850,1
12851,1
12852,0
12853,0
12854,1
12855,1
12856,1
12857,1
12858,1
12859,1
12860,0
12861,1
12862,0
12863,0
12864,1
12865,0
12866,0
12867,1
12868,0
12869,0
12870,0
12871,1
12872,1
12873,0
12874,1
12875,0
12876,0
12877,0
12878,0
12879,0
12880,0
12881,1
12882,1
12883,0
12884,0
12885,0
12886,0
12887,1
12888,0
12889,1
12890,0
12891,1
12892,1
12893,0
12894,0
12895,1
12896,0
12897,0
12898,0
12899,0
12900,1
12901,0
12902,0
12903,1
12904,0
12905,0
12906,0
12907,0
12908,0
12909,0
12910,1
12911,1
12912,0
12913,0
12914,0
12915,1
12916,0
12917,0
12918,0
12919,1
12920,0
12921,0
12922,1
12923,0
12924,1
12925,0
12926,0
12927,0
12928,1
12929,1
12930,0
12931,0
12932,1
12933,0
12934,0
12935,0
12936,0
12937,0
12938,0
12939,0
12940,0
12941,0
12942,0
12943,0
12944,0
12945,0
12946,0
12947,0
12948,1
12949,0
12950,0
12951,0
12952,0
12953,1
12954,0
12955,0
12956,0
12957,0
12958,1
12959,0
12960,1
12961,0
12962,0
12963,0
12964,1
12965,0
12966,1
12967,1
12968,1
12969,0
12970,0
12971,0
12972,0
12973,1
12974,0
12975,1
12976,0
12977,0
12978,0
12979,0
12980,0
12981,1
12982,0
12983,0
12984,0
12985,0
12986,0
12987,0
12988,0
12989,1
12990,0
12991,0
12992,1
12993,0
12994,0
12995,0
12996,1
12997,1
12998,0
12999,1
13000,0
13001,1
13002,0
13003,0
13004,0
13005,1
13006,1
13007,1
13008,0
13009,0
13010,0
13011,0
13012,0
13013,0
13014,1
13015,0
13016,0
13017,1
13018,1
13019,0
13020,0
13021,0
13022,0
13023,0
13024,1
13025,0
13026,0
13027,0
13028,0
13029,0
13030,0
13031,1
13032,0
13033,0
13034,0
13035,1
13036,0
13037,1
13038,0
13039,0
13040,0
13041,0
13042,1
13043,1
13044,0
13045,1
13046,0
13047,1
13048,0
13049,1
13050,1
13051,0
13052,0
13053,0
13054,1
13055,1
13056,0
13057,1
13058,0
13059,0
13060,0
13061,1
13062,0
13063,1
13064,1
13065,0
13066,0
13067,0
13068,0
13069,0
13070,0
13071,0
13072,0
13073,0
13074,1
13075,0
13076,0
13077,1
13078,0
13079,0
13080,0
13081,0
13082,0
13083,0
13084,0
13085,0
13086,0
13087,0
13088,1
13089,1
13090,1
13091,0
13092,1
13093,0
13094,1
13095,1
13096,0
13097,0
13098,0
13099,1
13100,0
13101,0
13102,0
13103,0
13104,1
13105,1
13106,0
13107,1
13108,0
13109,0
13110,1
13111,0
13112,0
13113,0
13114,1
13115,0
13116,0
13117,0
13118,0
13119,0
13120,0
13121,1
13122,1
13123,0
13124,0
13125,1
13126,1
13127,1
13128,0
13129,0
13130,0
13131,0
13132,0
13133,0
13134,0
13135,0
13136,0
13137,0
13138,0
13139,0
13140,1
13141,1
13142,1
13143,1
13144,0
13145,0
13146,0
13147,1
13148,0
13149,1
13150,1
13151,0
13152,0
13153,1
13154,0
13155,0
13156,0
13157,1
13158,1
13159,0
13160,0
13161,0
13162,0
13163,1
13164,1
13165,0
13166,0
13167,1
13168,0
13169,0
13170,0
13171,0
13172,0
13173,0
13174,1
13175,1
13176,0
13177,0
13178,0
13179,0
13180,0
13181,0
13182,1
13183,0
13184,1
13185,0
13186,1
13187,0
13188,1
13189,0
13190,0
13191,0
13192,1
13193,1
13194,0
13195,0
13196,0
13197,0
13198,0
13199,0
13200,1
13201,0
13202,1
13203,0
13204,0
13205,0
13206,1
13207,0
13208,0
13209,0
13210,1
13211,0
13212,0
13213,0
13214,0
13215,0
13216,0
13217,0
13218,0
13219,0
13220,0
13221,0
13222,1
13223,1
13224,1
13225,0
13226,1
13227,0
13228,0
13229,0
13230,1
13231,1
13232,0
13233,1
13234,1
13235,1
13236,0
13237,1
13238,0
13239,0
13240,0
13241,0
13242,0
13243,0
13244,1
13245,0
13246,1
13247,1
13248,1
13249,0
13250,0
13251,0
13252,1
13253,0
13254,1
13255,1
13256,0
13257,0
13258,0
13259,0
13260,1
13261,1
13262,1
13263,1
13264,0
13265,1
13266,0
13267,1
13268,0
13269,0
13270,0
13271,1
13272,0
13273,1
13274,1
13275,0
13276,0
13277,1
13278,0
13279,0
13280,0
13281,0
13282,0
13283,0
13284,0
13285,0
13286,0
13287,0
13288,0
13289,1
13290,0
13291,0
13292,0
13293,1
13294,0
13295,0
13296,0
13297,0
13298,0
